Accession,Organism_Name,Release_Date,Pangolin,PangoVersions,Length,Nuc_Completeness,Protein,Geo_Location,Host,Isolation_Source,Collection_Date
WDB03702.1,Severe acute respiratory syndrome coronavirus 2,2023-02-15T00:00:00Z,BQ.1,4.2/1.18.1.1/v0.1.10/0.3.17,416,complete,nucleocapsid phosphoprotein,Bahrain,Homo sapiens,,2022-11-29
WDB04377.1,Severe acute respiratory syndrome coronavirus 2,2023-02-15T00:00:00Z,CH.1.1,4.2/1.18.1.1/v0.1.10/0.3.17,416,complete,nucleocapsid phosphoprotein,Bahrain,Homo sapiens,,2022-12-18
WDB05491.1,Severe acute respiratory syndrome coronavirus 2,2023-02-15T00:00:00Z,BF.7,4.2/1.18.1.1/v0.1.10/0.3.17,416,complete,nucleocapsid phosphoprotein,Bahrain,Homo sapiens,,2023-01-01
WDB09882.1,Severe acute respiratory syndrome coronavirus 2,2023-02-15T00:00:00Z,BQ.1,4.2/1.18.1.1/v0.1.10/0.3.17,416,complete,nucleocapsid phosphoprotein,Bahrain,Homo sapiens,,2023-01-29
UZU91001.1,Severe acute respiratory syndrome coronavirus 2,2022-11-24T00:00:00Z,BQ.1,4.2/1.18.1.1/v0.1.10/0.3.17,416,complete,nucleocapsid phosphoprotein,Bahrain,Homo sapiens,,2022-10-26
UZU91983.1,Severe acute respiratory syndrome coronavirus 2,2022-11-24T00:00:00Z,BQ.1,4.2/1.18.1.1/v0.1.10/0.3.17,416,complete,nucleocapsid phosphoprotein,Bahrain,Homo sapiens,,2022-11-06
UZU92439.1,Severe acute respiratory syndrome coronavirus 2,2022-11-24T00:00:00Z,BF.7,4.2/1.18.1.1/v0.1.10/0.3.17,416,complete,nucleocapsid phosphoprotein,Bahrain,Homo sapiens,,2022-11-07
UZU92532.1,Severe acute respiratory syndrome coronavirus 2,2022-11-24T00:00:00Z,BQ.1,4.2/1.18.1.1/v0.1.10/0.3.17,416,complete,nucleocapsid phosphoprotein,Bahrain,Homo sapiens,,2022-11-09
UYR39724.1,Severe acute respiratory syndrome coronavirus 2,2022-10-27T00:00:00Z,BA.2.75,4.2/1.18.1.1/v0.1.10/0.3.17,416,complete,nucleocapsid phosphoprotein,Bahrain,Homo sapiens,,2022-10-16
UYR39984.1,Severe acute respiratory syndrome coronavirus 2,2022-10-27T00:00:00Z,BA.2.75,4.2/1.18.1.1/v0.1.10/0.3.17,416,complete,nucleocapsid phosphoprotein,Bahrain,Homo sapiens,,2022-10-16
UYR40020.1,Severe acute respiratory syndrome coronavirus 2,2022-10-27T00:00:00Z,BA.2.75,4.2/1.18.1.1/v0.1.10/0.3.17,416,complete,nucleocapsid phosphoprotein,Bahrain,Homo sapiens,,2022-10-16
UYR40032.1,Severe acute respiratory syndrome coronavirus 2,2022-10-27T00:00:00Z,BA.2.75,4.2/1.18.1.1/v0.1.10/0.3.17,416,complete,nucleocapsid phosphoprotein,Bahrain,Homo sapiens,,2022-10-16
UYR40337.1,Severe acute respiratory syndrome coronavirus 2,2022-10-27T00:00:00Z,BA.2.75,4.2/1.18.1.1/v0.1.10/0.3.17,416,complete,nucleocapsid phosphoprotein,Bahrain,Homo sapiens,,2022-10-16
UYR76504.1,Severe acute respiratory syndrome coronavirus 2,2022-10-27T00:00:00Z,XBB,4.2/1.18.1.1/v0.1.10/0.3.17,416,complete,nucleocapsid phosphoprotein,Bahrain,Homo sapiens,,2022-10-24
UXW68817.1,Severe acute respiratory syndrome coronavirus 2,2022-10-05T00:00:00Z,BA.2.75,4.2/1.18.1.1/v0.1.10/0.3.17,416,complete,nucleocapsid phosphoprotein,Bahrain,Homo sapiens,,2022-09-29
UXW69065.1,Severe acute respiratory syndrome coronavirus 2,2022-10-05T00:00:00Z,BA.2.75,4.2/1.18.1.1/v0.1.10/0.3.17,416,complete,nucleocapsid phosphoprotein,Bahrain,Homo sapiens,,2022-09-29
UXW69088.1,Severe acute respiratory syndrome coronavirus 2,2022-10-05T00:00:00Z,BA.2.75,4.2/1.18.1.1/v0.1.10/0.3.17,416,complete,nucleocapsid phosphoprotein,Bahrain,Homo sapiens,,2022-09-30
UWE21687.1,Severe acute respiratory syndrome coronavirus 2,2022-09-06T00:00:00Z,BA.2.75,4.2/1.18.1.1/v0.1.10/0.3.17,416,complete,nucleocapsid phosphoprotein,Bahrain,Homo sapiens,oronasopharynx,2022-08-31
UWE22307.1,Severe acute respiratory syndrome coronavirus 2,2022-09-06T00:00:00Z,BA.2.75,4.2/1.18.1.1/v0.1.10/0.3.17,416,complete,nucleocapsid phosphoprotein,Bahrain,Homo sapiens,oronasopharynx,2022-08-31
UVJ48850.1,Severe acute respiratory syndrome coronavirus 2,2022-08-25T00:00:00Z,BA.2.75,4.2/1.18.1.1/v0.1.10/0.3.17,416,complete,nucleocapsid phosphoprotein,Bahrain,Homo sapiens,,2022-08-22
UVJ49148.1,Severe acute respiratory syndrome coronavirus 2,2022-08-25T00:00:00Z,BA.2.75,4.2/1.18.1.1/v0.1.10/0.3.17,416,complete,nucleocapsid phosphoprotein,Bahrain,Homo sapiens,,2022-08-23
UVJ49184.1,Severe acute respiratory syndrome coronavirus 2,2022-08-25T00:00:00Z,BA.2.75,4.2/1.18.1.1/v0.1.10/0.3.17,416,complete,nucleocapsid phosphoprotein,Bahrain,Homo sapiens,,2022-08-23
UPX44542.1,Severe acute respiratory syndrome coronavirus 2,2022-05-05T00:00:00Z,B.1.1.529,4.2/1.18.1.1/v0.1.10/0.3.17,416,complete,nucleocapsid phosphoprotein,Bahrain,Homo sapiens,,2022-02-07
UOH86014.1,Severe acute respiratory syndrome coronavirus 2,2022-04-07T00:00:00Z,B.1.1.529,4.2/1.18.1.1/v0.1.10/0.3.17,416,complete,nucleocapsid phosphoprotein,Bahrain,Homo sapiens,,2022-01-25
UZH66940.1,Severe acute respiratory syndrome coronavirus 2,2022-11-10T00:00:00Z,BQ.1,4.2/1.18.1.1/v0.1.10/0.3.17,416,complete,nucleocapsid phosphoprotein,China,Homo sapiens,,2022-10-27
UUT03030.1,Severe acute respiratory syndrome coronavirus 2,2022-08-09T00:00:00Z,B.1.1.529,4.2/1.18.1.1/v0.1.10/0.3.17,416,complete,nucleocapsid phosphoprotein,Egypt,Homo sapiens,oronasopharynx,2022-05-13
UUT03042.1,Severe acute respiratory syndrome coronavirus 2,2022-08-09T00:00:00Z,B.1.1.529,4.2/1.18.1.1/v0.1.10/0.3.17,416,complete,nucleocapsid phosphoprotein,Egypt,Homo sapiens,oronasopharynx,2022-05-15
UUT03054.1,Severe acute respiratory syndrome coronavirus 2,2022-08-09T00:00:00Z,B.1.1.529,4.2/1.18.1.1/v0.1.10/0.3.17,416,complete,nucleocapsid phosphoprotein,Egypt,Homo sapiens,oronasopharynx,2022-05-15
UUT03066.1,Severe acute respiratory syndrome coronavirus 2,2022-08-09T00:00:00Z,B.1.1.529,4.2/1.18.1.1/v0.1.10/0.3.17,416,complete,nucleocapsid phosphoprotein,Egypt,Homo sapiens,oronasopharynx,2022-05-17
UUT03090.1,Severe acute respiratory syndrome coronavirus 2,2022-08-09T00:00:00Z,B.1.1.529,4.2/1.18.1.1/v0.1.10/0.3.17,416,complete,nucleocapsid phosphoprotein,Egypt,Homo sapiens,oronasopharynx,2022-05-27
UUT03102.1,Severe acute respiratory syndrome coronavirus 2,2022-08-09T00:00:00Z,B.1.1.529,4.2/1.18.1.1/v0.1.10/0.3.17,416,complete,nucleocapsid phosphoprotein,Egypt,Homo sapiens,oronasopharynx,2022-05-29
UUT03114.1,Severe acute respiratory syndrome coronavirus 2,2022-08-09T00:00:00Z,B.1.1.529,4.2/1.18.1.1/v0.1.10/0.3.17,416,complete,nucleocapsid phosphoprotein,Egypt,Homo sapiens,oronasopharynx,2022-05-31
UUT03126.1,Severe acute respiratory syndrome coronavirus 2,2022-08-09T00:00:00Z,B.1.1.529,4.2/1.18.1.1/v0.1.10/0.3.17,416,complete,nucleocapsid phosphoprotein,Egypt,Homo sapiens,oronasopharynx,2022-05-31
UUT03234.1,Severe acute respiratory syndrome coronavirus 2,2022-08-09T00:00:00Z,B.1.1.529,4.2/1.18.1.1/v0.1.10/0.3.17,416,complete,nucleocapsid phosphoprotein,Egypt,Homo sapiens,oronasopharynx,2022-07-01
UUT03438.1,Severe acute respiratory syndrome coronavirus 2,2022-08-09T00:00:00Z,B.1.1.529,4.2/1.18.1.1/v0.1.10/0.3.17,416,complete,nucleocapsid phosphoprotein,Egypt,Homo sapiens,oronasopharynx,2022-06-10
UUT03450.1,Severe acute respiratory syndrome coronavirus 2,2022-08-09T00:00:00Z,B.1.1.529,4.2/1.18.1.1/v0.1.10/0.3.17,416,complete,nucleocapsid phosphoprotein,Egypt,Homo sapiens,oronasopharynx,2022-06-12
UUT03486.1,Severe acute respiratory syndrome coronavirus 2,2022-08-09T00:00:00Z,B.1.1.529,4.2/1.18.1.1/v0.1.10/0.3.17,416,complete,nucleocapsid phosphoprotein,Egypt,Homo sapiens,oronasopharynx,2022-06-16
WCR32819.1,Severe acute respiratory syndrome coronavirus 2,2023-02-09T00:00:00Z,BQ.1,4.2/1.18.1.1/v0.1.10/0.3.17,416,complete,nucleocapsid phosphoprotein,Finland,Homo sapiens,,2022-11-14
WCT80302.1,Severe acute respiratory syndrome coronavirus 2,2023-02-13T00:00:00Z,BQ.1,4.2/1.18.1.1/v0.1.10/0.3.17,416,complete,nucleocapsid phosphoprotein,France,Homo sapiens,oronasopharynx,2022-11-30
WCT80398.1,Severe acute respiratory syndrome coronavirus 2,2023-02-13T00:00:00Z,BQ.1,4.2/1.18.1.1/v0.1.10/0.3.17,416,complete,nucleocapsid phosphoprotein,France,Homo sapiens,oronasopharynx,2022-12-05
WCT80554.1,Severe acute respiratory syndrome coronavirus 2,2023-02-13T00:00:00Z,BF.7,4.2/1.18.1.1/v0.1.10/0.3.17,416,complete,nucleocapsid phosphoprotein,France,Homo sapiens,oronasopharynx,2022-10-04
WCT80637.1,Severe acute respiratory syndrome coronavirus 2,2023-02-13T00:00:00Z,BF.7,4.2/1.18.1.1/v0.1.10/0.3.17,416,complete,nucleocapsid phosphoprotein,France,Homo sapiens,oronasopharynx,2022-10-03
WCT80852.1,Severe acute respiratory syndrome coronavirus 2,2023-02-13T00:00:00Z,BF.7,4.2/1.18.1.1/v0.1.10/0.3.17,416,complete,nucleocapsid phosphoprotein,France,Homo sapiens,oronasopharynx,2022-09-18
UPH85756.1,Severe acute respiratory syndrome coronavirus 2,2022-04-21T00:00:00Z,B.1.1.529,4.2/1.18.1.1/v0.1.10/0.3.17,416,complete,nucleocapsid phosphoprotein,France,Homo sapiens,oronasopharynx,2022-03-07
WCC89321.1,Severe acute respiratory syndrome coronavirus 2,2023-01-26T00:00:00Z,CH.1.1,4.2/1.18.1.1/v0.1.10/0.3.17,416,complete,nucleocapsid phosphoprotein,Germany: Hessen,Homo sapiens,,2022-12-19
UZZ65609.1,Severe acute respiratory syndrome coronavirus 2,2022-11-30T00:00:00Z,BF.7,4.2/1.18.1.1/v0.1.10/0.3.17,416,complete,nucleocapsid phosphoprotein,Germany: Hessen,Homo sapiens,,2022-10-05
UZZ66010.1,Severe acute respiratory syndrome coronavirus 2,2022-11-30T00:00:00Z,BF.7,4.2/1.18.1.1/v0.1.10/0.3.17,416,complete,nucleocapsid phosphoprotein,Germany: Hessen,Homo sapiens,,2022-10-13
WBR20227.1,Severe acute respiratory syndrome coronavirus 2,2023-01-12T00:00:00Z,BQ.1,4.2/1.18.1.1/v0.1.10/0.3.17,416,complete,nucleocapsid phosphoprotein,Germany: Rheinland-Pfalz,Homo sapiens,,2022-11-20
WBR20275.1,Severe acute respiratory syndrome coronavirus 2,2023-01-12T00:00:00Z,XBB,4.2/1.18.1.1/v0.1.10/0.3.17,416,complete,nucleocapsid phosphoprotein,Germany: Rheinland-Pfalz,Homo sapiens,,2022-11-21
UZZ66034.1,Severe acute respiratory syndrome coronavirus 2,2022-11-30T00:00:00Z,BF.7,4.2/1.18.1.1/v0.1.10/0.3.17,416,complete,nucleocapsid phosphoprotein,Germany: Rheinland-Pfalz,Homo sapiens,,2022-10-13
WCI16204.1,Severe acute respiratory syndrome coronavirus 2,2023-02-01T00:00:00Z,BA.2.75,4.2/1.18.1.1/v0.1.10/0.3.17,416,complete,nucleocapsid phosphoprotein,Japan,Homo sapiens,,2022-06-13
BDX23880.1,Severe acute respiratory syndrome coronavirus 2,2023-02-09T00:00:00Z,XBB.1.5,4.2/1.18.1.1/v0.1.10/0.3.17,416,complete,nucleocapsid phosphoprotein,Japan: Tokyo,Homo sapiens,,2023-01
BDX23661.1,Severe acute respiratory syndrome coronavirus 2,2023-02-08T00:00:00Z,BQ.1,4.2/1.18.1.1/v0.1.10/0.3.17,416,complete,nucleocapsid phosphoprotein,Japan:Shizuoka,Homo sapiens,"saliva, oronasopharynx",2023-01-26
BDX23685.1,Severe acute respiratory syndrome coronavirus 2,2023-02-08T00:00:00Z,BF.7,4.2/1.18.1.1/v0.1.10/0.3.17,416,complete,nucleocapsid phosphoprotein,Japan:Shizuoka,Homo sapiens,"saliva, oronasopharynx",2023-01-05
BDW80477.1,Severe acute respiratory syndrome coronavirus 2,2023-01-31T00:00:00Z,BQ.1,4.2/1.18.1.1/v0.1.10/0.3.17,416,complete,nucleocapsid phosphoprotein,Japan:Shizuoka,Homo sapiens,"saliva, oronasopharynx",2023-01-06
BDX23394.1,Severe acute respiratory syndrome coronavirus 2,2023-02-08T00:00:00Z,CH.1.1,4.2/1.18.1.1/v0.1.10/0.3.17,416,complete,nucleocapsid phosphoprotein,"Japan:Shizuoka, Hamamatsu",Homo sapiens,oronasopharynx,2023-01-12
BDU99195.1,Severe acute respiratory syndrome coronavirus 2,2022-12-21T00:00:00Z,CH.1.1,4.2/1.18.1.1/v0.1.10/0.3.17,416,complete,nucleocapsid phosphoprotein,"Japan:Shizuoka, center",Homo sapiens,"saliva, oronasopharynx",2022-11-28
BDX14092.1,Severe acute respiratory syndrome coronavirus 2,2023-02-02T00:00:00Z,BF.7,4.2/1.18.1.1/v0.1.10/0.3.17,416,complete,nucleocapsid phosphoprotein,"Japan:Shizuoka, east",Homo sapiens,oronasopharynx,2022-12-14
BDX14986.1,Severe acute respiratory syndrome coronavirus 2,2023-02-02T00:00:00Z,BQ.1,4.2/1.18.1.1/v0.1.10/0.3.17,416,complete,nucleocapsid phosphoprotein,"Japan:Shizuoka, east",Homo sapiens,oronasopharynx,2022-12-20
BDX15583.1,Severe acute respiratory syndrome coronavirus 2,2023-02-02T00:00:00Z,BQ.1,4.2/1.18.1.1/v0.1.10/0.3.17,416,complete,nucleocapsid phosphoprotein,"Japan:Shizuoka, east",Homo sapiens,oronasopharynx,2022-12-24
BDX15955.1,Severe acute respiratory syndrome coronavirus 2,2023-02-02T00:00:00Z,BF.7,4.2/1.18.1.1/v0.1.10/0.3.17,416,complete,nucleocapsid phosphoprotein,"Japan:Shizuoka, east",Homo sapiens,oronasopharynx,2022-12-27
BDU97283.1,Severe acute respiratory syndrome coronavirus 2,2022-12-21T00:00:00Z,BF.7,4.2/1.18.1.1/v0.1.10/0.3.17,416,complete,nucleocapsid phosphoprotein,"Japan:Shizuoka, east",Homo sapiens,oronasopharynx,2022-11-14
BDU97822.1,Severe acute respiratory syndrome coronavirus 2,2022-12-21T00:00:00Z,BF.7,4.2/1.18.1.1/v0.1.10/0.3.17,416,complete,nucleocapsid phosphoprotein,"Japan:Shizuoka, east",Homo sapiens,oronasopharynx,2022-11-14
BDU48510.1,Severe acute respiratory syndrome coronavirus 2,2022-11-29T00:00:00Z,BF.7,4.2/1.18.1.1/v0.1.10/0.3.17,416,complete,nucleocapsid phosphoprotein,"Japan:Shizuoka, east",Homo sapiens,oronasopharynx,2022-10-31
BDU48558.1,Severe acute respiratory syndrome coronavirus 2,2022-11-29T00:00:00Z,CH.1.1,4.2/1.18.1.1/v0.1.10/0.3.17,416,complete,nucleocapsid phosphoprotein,"Japan:Shizuoka, east",Homo sapiens,oronasopharynx,2022-11-04
BDX14365.1,Severe acute respiratory syndrome coronavirus 2,2023-02-02T00:00:00Z,BF.7,4.2/1.18.1.1/v0.1.10/0.3.17,416,complete,nucleocapsid phosphoprotein,"Japan:Shizuoka, west",Homo sapiens,"saliva, oronasopharynx",2022-12-19
BDX16789.1,Severe acute respiratory syndrome coronavirus 2,2023-02-02T00:00:00Z,BF.7,4.2/1.18.1.1/v0.1.10/0.3.17,416,complete,nucleocapsid phosphoprotein,"Japan:Shizuoka, west",Homo sapiens,oronasopharynx,2022-12-27
BDX17028.1,Severe acute respiratory syndrome coronavirus 2,2023-02-02T00:00:00Z,BQ.1,4.2/1.18.1.1/v0.1.10/0.3.17,416,complete,nucleocapsid phosphoprotein,"Japan:Shizuoka, west",Homo sapiens,oronasopharynx,2023-01-04
WAV58743.1,Severe acute respiratory syndrome coronavirus 2,2022-12-20T00:00:00Z,B.1.1.529,4.2/1.18.1.1/v0.1.10/0.3.17,419,complete,nucleocapsid phosphoprotein,Mexico,Homo sapiens,,2022-01-10
WAV61489.1,Severe acute respiratory syndrome coronavirus 2,2022-12-20T00:00:00Z,B.1.1.529,4.2/1.18.1.1/v0.1.10/0.3.17,419,complete,nucleocapsid phosphoprotein,Mexico,Homo sapiens,,2022-01-07
UYE44401.1,Severe acute respiratory syndrome coronavirus 2,2022-10-14T00:00:00Z,B.1.1.529,4.2/1.18.1.1/v0.1.10/0.3.17,419,complete,nucleocapsid phosphoprotein,New Zealand,Homo sapiens,oronasopharynx,2022-01-15
WAQ63026.1,Severe acute respiratory syndrome coronavirus 2,2022-12-15T00:00:00Z,B.1.1.529,4.2/1.18.1.1/v0.1.10/0.3.17,419,complete,nucleocapsid phosphoprotein,Nigeria,Homo sapiens,oronasopharynx,2021-12-18
WAS08814.1,Severe acute respiratory syndrome coronavirus 2,2022-12-15T00:00:00Z,B.1.1.529,4.2/1.18.1.1/v0.1.10/0.3.17,419,complete,nucleocapsid phosphoprotein,Russia: Saratov,Homo sapiens,oronasopharynx,2022-09-02
WAS08862.1,Severe acute respiratory syndrome coronavirus 2,2022-12-15T00:00:00Z,B.1.1.529,4.2/1.18.1.1/v0.1.10/0.3.17,419,complete,nucleocapsid phosphoprotein,Russia: Saratov,Homo sapiens,oronasopharynx,2022-09-02
WAS08898.1,Severe acute respiratory syndrome coronavirus 2,2022-12-15T00:00:00Z,B.1.1.529,4.2/1.18.1.1/v0.1.10/0.3.17,419,complete,nucleocapsid phosphoprotein,Russia: Saratov,Homo sapiens,oronasopharynx,2022-11-25
WAS08910.1,Severe acute respiratory syndrome coronavirus 2,2022-12-15T00:00:00Z,B.1.1.529,4.2/1.18.1.1/v0.1.10/0.3.17,419,complete,nucleocapsid phosphoprotein,Russia: Saratov,Homo sapiens,oronasopharynx,2022-11-25
WCD45040.1,Severe acute respiratory syndrome coronavirus 2,2023-01-27T00:00:00Z,BQ.1,4.2/1.18.1.1/v0.1.10/0.3.17,416,complete,nucleocapsid phosphoprotein,South Africa: Northern Cape,Homo sapiens,,2022-11-18
UZR07753.1,Severe acute respiratory syndrome coronavirus 2,2022-11-21T00:00:00Z,BF.7,4.2/1.18.1.1/v0.1.10/0.3.17,416,complete,nucleocapsid phosphoprotein,South Africa: Western Cape,Homo sapiens,,2022-10-07
UZR08291.1,Severe acute respiratory syndrome coronavirus 2,2022-11-21T00:00:00Z,BF.7,4.2/1.18.1.1/v0.1.10/0.3.17,416,complete,nucleocapsid phosphoprotein,South Africa: Western Cape,Homo sapiens,,2022-10-17
WDR26619.1,Severe acute respiratory syndrome coronavirus 2,2023-02-23T00:00:00Z,BQ.1,4.2/1.18.1.1/v0.1.10/0.3.17,416,complete,nucleocapsid phosphoprotein,USA,Homo sapiens,,2023-01-23
WDR28859.1,Severe acute respiratory syndrome coronavirus 2,2023-02-23T00:00:00Z,CH.1.1,4.2/1.18.1.1/v0.1.10/0.3.17,416,complete,nucleocapsid phosphoprotein,USA,Homo sapiens,,2023-02-11
WDR29288.1,Severe acute respiratory syndrome coronavirus 2,2023-02-23T00:00:00Z,XBB.1.5,4.2/1.18.1.1/v0.1.10/0.3.17,416,complete,nucleocapsid phosphoprotein,USA,Homo sapiens,,2023-01-21
WDR29512.1,Severe acute respiratory syndrome coronavirus 2,2023-02-23T00:00:00Z,BF.7,4.2/1.18.1.1/v0.1.10/0.3.17,416,complete,nucleocapsid phosphoprotein,USA,Homo sapiens,,2023-01-19
WDR30494.1,Severe acute respiratory syndrome coronavirus 2,2023-02-23T00:00:00Z,CH.1.1,4.2/1.18.1.1/v0.1.10/0.3.17,416,complete,nucleocapsid phosphoprotein,USA,Homo sapiens,,2023-02-03
WDD75170.1,Severe acute respiratory syndrome coronavirus 2,2023-02-16T00:00:00Z,XBF,4.2/1.18.1.1/v0.1.10/0.3.17,416,complete,nucleocapsid phosphoprotein,USA,Homo sapiens,,2023-01-29
WCR22104.1,Severe acute respiratory syndrome coronavirus 2,2023-02-08T00:00:00Z,BF.7,4.2/1.18.1.1/v0.1.10/0.3.17,416,complete,nucleocapsid phosphoprotein,USA,Homo sapiens,,2023-01-10
WCR23402.1,Severe acute respiratory syndrome coronavirus 2,2023-02-08T00:00:00Z,BQ.1,4.2/1.18.1.1/v0.1.10/0.3.17,416,complete,nucleocapsid phosphoprotein,USA,Homo sapiens,,2023-01-17
WBE00249.1,Severe acute respiratory syndrome coronavirus 2,2022-12-29T00:00:00Z,BF.7,4.2/1.18.1.1/v0.1.10/0.3.17,416,complete,nucleocapsid phosphoprotein,USA,Homo sapiens,,2022-12-01
WAY31554.1,Severe acute respiratory syndrome coronavirus 2,2022-12-23T00:00:00Z,CH.1.1,4.2/1.18.1.1/v0.1.10/0.3.17,416,complete,nucleocapsid phosphoprotein,USA,Homo sapiens,,2022-11-14
WAW21251.1,Severe acute respiratory syndrome coronavirus 2,2022-12-20T00:00:00Z,BQ.1,4.2/1.18.1.1/v0.1.10/0.3.17,416,complete,nucleocapsid phosphoprotein,USA,Homo sapiens,,2022-11-30
WAW21749.1,Severe acute respiratory syndrome coronavirus 2,2022-12-20T00:00:00Z,BF.7,4.2/1.18.1.1/v0.1.10/0.3.17,416,complete,nucleocapsid phosphoprotein,USA,Homo sapiens,,2022-11-26
WAW36728.1,Severe acute respiratory syndrome coronavirus 2,2022-12-20T00:00:00Z,XBF,4.2/1.18.1.1/v0.1.10/0.3.17,416,complete,nucleocapsid phosphoprotein,USA,Homo sapiens,,2022-11-29
WAP37213.1,Severe acute respiratory syndrome coronavirus 2,2022-12-13T00:00:00Z,BQ.1,4.2/1.18.1.1/v0.1.10/0.3.17,416,complete,nucleocapsid phosphoprotein,USA,Homo sapiens,,2022-11-07
WAL32263.1,Severe acute respiratory syndrome coronavirus 2,2022-12-09T00:00:00Z,B.1.1.529,4.2/1.18.1.1/v0.1.10/0.3.17,416,complete,nucleocapsid phosphoprotein,USA,Homo sapiens,,2022-11-11
WAK97123.1,Severe acute respiratory syndrome coronavirus 2,2022-12-08T00:00:00Z,BQ.1,4.2/1.18.1.1/v0.1.10/0.3.17,416,complete,nucleocapsid phosphoprotein,USA,Homo sapiens,,2022-11-18
UMM73886.1,Severe acute respiratory syndrome coronavirus 2,2022-03-03T00:00:00Z,B.1.1.529,4.2/1.18.1.1/v0.1.10/0.3.17,416,complete,nucleocapsid phosphoprotein,USA,Homo sapiens,,2022-02-11
ULR95841.1,Severe acute respiratory syndrome coronavirus 2,2022-02-24T00:00:00Z,B.1.1.529,4.2/1.18.1.1/v0.1.10/0.3.17,416,complete,nucleocapsid phosphoprotein,USA,Homo sapiens,,2021-12-27
ULR96956.1,Severe acute respiratory syndrome coronavirus 2,2022-02-24T00:00:00Z,B.1.1.529,4.2/1.18.1.1/v0.1.10/0.3.17,416,complete,nucleocapsid phosphoprotein,USA,Homo sapiens,,2022-02-02
WCM04732.1,Severe acute respiratory syndrome coronavirus 2,2023-02-06T00:00:00Z,BQ.1,4.2/1.18.1.1/v0.1.10/0.3.17,416,complete,nucleocapsid phosphoprotein,USA: Alabama,Homo sapiens,oronasopharynx,2023-01-18
WBV11743.1,Severe acute respiratory syndrome coronavirus 2,2023-01-19T00:00:00Z,XBF,4.2/1.18.1.1/v0.1.10/0.3.17,416,complete,nucleocapsid phosphoprotein,USA: Alabama,Homo sapiens,oronasopharynx,2023-01-07
WBV14611.1,Severe acute respiratory syndrome coronavirus 2,2023-01-19T00:00:00Z,CH.1.1,4.2/1.18.1.1/v0.1.10/0.3.17,416,complete,nucleocapsid phosphoprotein,USA: Alabama,Homo sapiens,oronasopharynx,2023-01-09
WBV16840.1,Severe acute respiratory syndrome coronavirus 2,2023-01-19T00:00:00Z,XBB.1.5,4.2/1.18.1.1/v0.1.10/0.3.17,416,complete,nucleocapsid phosphoprotein,USA: Alabama,Homo sapiens,oronasopharynx,2023-01-09
WBC46618.1,Severe acute respiratory syndrome coronavirus 2,2022-12-29T00:00:00Z,BQ.1,4.2/1.18.1.1/v0.1.10/0.3.17,416,complete,nucleocapsid phosphoprotein,USA: Arizona,Homo sapiens,oronasopharynx,2022-12-15
WAT64333.1,Severe acute respiratory syndrome coronavirus 2,2022-12-19T00:00:00Z,XBB,4.2/1.18.1.1/v0.1.10/0.3.17,416,complete,nucleocapsid phosphoprotein,USA: Arizona,Homo sapiens,oronasopharynx,2022-12-05
WAN13507.1,Severe acute respiratory syndrome coronavirus 2,2022-12-12T00:00:00Z,BF.7,4.2/1.18.1.1/v0.1.10/0.3.17,416,complete,nucleocapsid phosphoprotein,USA: Arizona,Homo sapiens,oronasopharynx,2022-11-20
WAN13519.1,Severe acute respiratory syndrome coronavirus 2,2022-12-12T00:00:00Z,BF.7,4.2/1.18.1.1/v0.1.10/0.3.17,416,complete,nucleocapsid phosphoprotein,USA: Arizona,Homo sapiens,oronasopharynx,2022-11-20
WBP44713.1,Severe acute respiratory syndrome coronavirus 2,2023-01-10T00:00:00Z,BQ.1,4.2/1.18.1.1/v0.1.10/0.3.17,416,complete,nucleocapsid phosphoprotein,USA: California,Homo sapiens,oronasopharynx,2022-12-23
WBP45419.1,Severe acute respiratory syndrome coronavirus 2,2023-01-10T00:00:00Z,BQ.1,4.2/1.18.1.1/v0.1.10/0.3.17,416,complete,nucleocapsid phosphoprotein,USA: California,Homo sapiens,oronasopharynx,2022-12-23
WBK38190.1,Severe acute respiratory syndrome coronavirus 2,2023-01-06T00:00:00Z,BQ.1,4.2/1.18.1.1/v0.1.10/0.3.17,416,complete,nucleocapsid phosphoprotein,USA: California,Homo sapiens,oronasopharynx,2022-12-24
WBK39037.1,Severe acute respiratory syndrome coronavirus 2,2023-01-06T00:00:00Z,BQ.1,4.2/1.18.1.1/v0.1.10/0.3.17,416,complete,nucleocapsid phosphoprotein,USA: California,Homo sapiens,oronasopharynx,2022-12-26
WBH04527.1,Severe acute respiratory syndrome coronavirus 2,2023-01-05T00:00:00Z,XBF,4.2/1.18.1.1/v0.1.10/0.3.17,416,complete,nucleocapsid phosphoprotein,USA: California,Homo sapiens,oronasopharynx,2022-12-22
WBC45705.1,Severe acute respiratory syndrome coronavirus 2,2022-12-29T00:00:00Z,CH.1.1,4.2/1.18.1.1/v0.1.10/0.3.17,416,complete,nucleocapsid phosphoprotein,USA: California,Homo sapiens,oronasopharynx,2022-12-14
WBC45869.1,Severe acute respiratory syndrome coronavirus 2,2022-12-29T00:00:00Z,BQ.1,4.2/1.18.1.1/v0.1.10/0.3.17,416,complete,nucleocapsid phosphoprotein,USA: California,Homo sapiens,oronasopharynx,2022-12-14
UZY61111.1,Severe acute respiratory syndrome coronavirus 2,2022-11-29T00:00:00Z,BQ.1,4.2/1.18.1.1/v0.1.10/0.3.17,416,complete,nucleocapsid phosphoprotein,USA: California,Homo sapiens,oronasopharynx,2022-11-13
UZY61983.1,Severe acute respiratory syndrome coronavirus 2,2022-11-29T00:00:00Z,BQ.1,4.2/1.18.1.1/v0.1.10/0.3.17,416,complete,nucleocapsid phosphoprotein,USA: California,Homo sapiens,oronasopharynx,2022-11-14
UZZ07518.1,Severe acute respiratory syndrome coronavirus 2,2022-11-29T00:00:00Z,BF.7,4.2/1.18.1.1/v0.1.10/0.3.17,416,complete,nucleocapsid phosphoprotein,USA: California,Homo sapiens,oronasopharynx,2022-11-14
UZZ07827.1,Severe acute respiratory syndrome coronavirus 2,2022-11-29T00:00:00Z,BQ.1,4.2/1.18.1.1/v0.1.10/0.3.17,416,complete,nucleocapsid phosphoprotein,USA: California,Homo sapiens,oronasopharynx,2022-11-14
UZU48375.1,Severe acute respiratory syndrome coronavirus 2,2022-11-23T00:00:00Z,XBF,4.2/1.18.1.1/v0.1.10/0.3.17,416,complete,nucleocapsid phosphoprotein,USA: California,Homo sapiens,oronasopharynx,2022-11-08
UZU52640.1,Severe acute respiratory syndrome coronavirus 2,2022-11-23T00:00:00Z,BF.7,4.2/1.18.1.1/v0.1.10/0.3.17,416,complete,nucleocapsid phosphoprotein,USA: California,Homo sapiens,oronasopharynx,2022-11-10
UZT37577.1,Severe acute respiratory syndrome coronavirus 2,2022-11-22T00:00:00Z,BQ.1,4.2/1.18.1.1/v0.1.10/0.3.17,416,complete,nucleocapsid phosphoprotein,USA: California,Homo sapiens,oronasopharynx,2022-11-08
UZT37923.1,Severe acute respiratory syndrome coronavirus 2,2022-11-22T00:00:00Z,BF.7,4.2/1.18.1.1/v0.1.10/0.3.17,416,complete,nucleocapsid phosphoprotein,USA: California,Homo sapiens,oronasopharynx,2022-11-08
UZT38030.1,Severe acute respiratory syndrome coronavirus 2,2022-11-22T00:00:00Z,BQ.1,4.2/1.18.1.1/v0.1.10/0.3.17,416,complete,nucleocapsid phosphoprotein,USA: California,Homo sapiens,oronasopharynx,2022-11-08
UZK89276.1,Severe acute respiratory syndrome coronavirus 2,2022-11-14T00:00:00Z,XBB,4.2/1.18.1.1/v0.1.10/0.3.17,416,complete,nucleocapsid phosphoprotein,USA: California,Homo sapiens,oronasopharynx,2022-10-31
UZK89863.1,Severe acute respiratory syndrome coronavirus 2,2022-11-14T00:00:00Z,BQ.1,4.2/1.18.1.1/v0.1.10/0.3.17,416,complete,nucleocapsid phosphoprotein,USA: California,Homo sapiens,oronasopharynx,2022-10-31
UZK89899.1,Severe acute respiratory syndrome coronavirus 2,2022-11-14T00:00:00Z,BQ.1,4.2/1.18.1.1/v0.1.10/0.3.17,416,complete,nucleocapsid phosphoprotein,USA: California,Homo sapiens,oronasopharynx,2022-10-31
UZD84969.1,Severe acute respiratory syndrome coronavirus 2,2022-11-07T00:00:00Z,BQ.1,4.2/1.18.1.1/v0.1.10/0.3.17,416,complete,nucleocapsid phosphoprotein,USA: California,Homo sapiens,oronasopharynx,2022-10-19
UZD84981.1,Severe acute respiratory syndrome coronavirus 2,2022-11-07T00:00:00Z,BF.7,4.2/1.18.1.1/v0.1.10/0.3.17,416,complete,nucleocapsid phosphoprotein,USA: California,Homo sapiens,oronasopharynx,2022-10-19
UZC61620.1,Severe acute respiratory syndrome coronavirus 2,2022-11-04T00:00:00Z,BF.7,4.2/1.18.1.1/v0.1.10/0.3.17,416,complete,nucleocapsid phosphoprotein,USA: California,Homo sapiens,oronasopharynx,2022-10-12
UZC62990.1,Severe acute respiratory syndrome coronavirus 2,2022-11-04T00:00:00Z,BF.7,4.2/1.18.1.1/v0.1.10/0.3.17,416,complete,nucleocapsid phosphoprotein,USA: California,Homo sapiens,oronasopharynx,2022-10-13
UZC63275.1,Severe acute respiratory syndrome coronavirus 2,2022-11-04T00:00:00Z,BQ.1,4.2/1.18.1.1/v0.1.10/0.3.17,416,complete,nucleocapsid phosphoprotein,USA: California,Homo sapiens,oronasopharynx,2022-10-13
UZC63798.1,Severe acute respiratory syndrome coronavirus 2,2022-11-04T00:00:00Z,BF.7,4.2/1.18.1.1/v0.1.10/0.3.17,416,complete,nucleocapsid phosphoprotein,USA: California,Homo sapiens,oronasopharynx,2022-10-14
UZC64657.1,Severe acute respiratory syndrome coronavirus 2,2022-11-04T00:00:00Z,BF.7,4.2/1.18.1.1/v0.1.10/0.3.17,416,complete,nucleocapsid phosphoprotein,USA: California,Homo sapiens,oronasopharynx,2022-10-14
UYT65117.1,Severe acute respiratory syndrome coronavirus 2,2022-10-31T00:00:00Z,BA.2.75,4.2/1.18.1.1/v0.1.10/0.3.17,416,complete,nucleocapsid phosphoprotein,USA: California,Homo sapiens,oronasopharynx,2022-10-17
UYT65488.1,Severe acute respiratory syndrome coronavirus 2,2022-10-31T00:00:00Z,BA.2.75,4.2/1.18.1.1/v0.1.10/0.3.17,416,complete,nucleocapsid phosphoprotein,USA: California,Homo sapiens,oronasopharynx,2022-10-17
UYT66144.1,Severe acute respiratory syndrome coronavirus 2,2022-10-31T00:00:00Z,BA.2.75,4.2/1.18.1.1/v0.1.10/0.3.17,416,complete,nucleocapsid phosphoprotein,USA: California,Homo sapiens,oronasopharynx,2022-10-17
UYT67049.1,Severe acute respiratory syndrome coronavirus 2,2022-10-31T00:00:00Z,BA.2.75,4.2/1.18.1.1/v0.1.10/0.3.17,416,complete,nucleocapsid phosphoprotein,USA: California,Homo sapiens,oronasopharynx,2022-10-18
UYT67586.1,Severe acute respiratory syndrome coronavirus 2,2022-10-31T00:00:00Z,BA.2.75,4.2/1.18.1.1/v0.1.10/0.3.17,416,complete,nucleocapsid phosphoprotein,USA: California,Homo sapiens,oronasopharynx,2022-10-18
UZC09159.1,Severe acute respiratory syndrome coronavirus 2,2022-11-03T00:00:00Z,BF.7,4.2/1.18.1.1/v0.1.10/0.3.17,416,complete,nucleocapsid phosphoprotein,USA: Florida,Homo sapiens,oronasopharynx,2022-10-11
UZC09982.1,Severe acute respiratory syndrome coronavirus 2,2022-11-03T00:00:00Z,BF.7,4.2/1.18.1.1/v0.1.10/0.3.17,416,complete,nucleocapsid phosphoprotein,USA: Florida,Homo sapiens,oronasopharynx,2022-10-11
UZC11460.1,Severe acute respiratory syndrome coronavirus 2,2022-11-03T00:00:00Z,BQ.1,4.2/1.18.1.1/v0.1.10/0.3.17,416,complete,nucleocapsid phosphoprotein,USA: Florida,Homo sapiens,oronasopharynx,2022-10-12
UZC11496.1,Severe acute respiratory syndrome coronavirus 2,2022-11-03T00:00:00Z,BF.7,4.2/1.18.1.1/v0.1.10/0.3.17,416,complete,nucleocapsid phosphoprotein,USA: Florida,Homo sapiens,oronasopharynx,2022-10-12
UZC14318.1,Severe acute respiratory syndrome coronavirus 2,2022-11-03T00:00:00Z,BF.7,4.2/1.18.1.1/v0.1.10/0.3.17,416,complete,nucleocapsid phosphoprotein,USA: Florida,Homo sapiens,oronasopharynx,2022-10-04
WBK44630.1,Severe acute respiratory syndrome coronavirus 2,2023-01-06T00:00:00Z,BQ.1,4.2/1.18.1.1/v0.1.10/0.3.17,416,complete,nucleocapsid phosphoprotein,USA: GA,Homo sapiens,,2022-12-10
WBK44678.1,Severe acute respiratory syndrome coronavirus 2,2023-01-06T00:00:00Z,BF.7,4.2/1.18.1.1/v0.1.10/0.3.17,416,complete,nucleocapsid phosphoprotein,USA: GA,Homo sapiens,,2022-12-12
WBK44797.1,Severe acute respiratory syndrome coronavirus 2,2023-01-06T00:00:00Z,BQ.1,4.2/1.18.1.1/v0.1.10/0.3.17,416,complete,nucleocapsid phosphoprotein,USA: GA,Homo sapiens,,2022-12-09
WBK44939.1,Severe acute respiratory syndrome coronavirus 2,2023-01-06T00:00:00Z,BQ.1,4.2/1.18.1.1/v0.1.10/0.3.17,416,complete,nucleocapsid phosphoprotein,USA: GA,Homo sapiens,,2022-12-13
WBK44963.1,Severe acute respiratory syndrome coronavirus 2,2023-01-06T00:00:00Z,BF.7,4.2/1.18.1.1/v0.1.10/0.3.17,416,complete,nucleocapsid phosphoprotein,USA: GA,Homo sapiens,,2022-12-14
WBX04774.1,Severe acute respiratory syndrome coronavirus 2,2023-01-23T00:00:00Z,BQ.1,4.2/1.18.1.1/v0.1.10/0.3.17,416,complete,nucleocapsid phosphoprotein,USA: Georgia,Homo sapiens,oronasopharynx,2023-01-02
WBX06252.1,Severe acute respiratory syndrome coronavirus 2,2023-01-23T00:00:00Z,BQ.1,4.2/1.18.1.1/v0.1.10/0.3.17,416,complete,nucleocapsid phosphoprotein,USA: Georgia,Homo sapiens,oronasopharynx,2023-01-03
WBX06550.1,Severe acute respiratory syndrome coronavirus 2,2023-01-23T00:00:00Z,BQ.1,4.2/1.18.1.1/v0.1.10/0.3.17,416,complete,nucleocapsid phosphoprotein,USA: Georgia,Homo sapiens,oronasopharynx,2023-01-03
WBX07075.1,Severe acute respiratory syndrome coronavirus 2,2023-01-23T00:00:00Z,BF.7,4.2/1.18.1.1/v0.1.10/0.3.17,416,complete,nucleocapsid phosphoprotein,USA: Georgia,Homo sapiens,oronasopharynx,2023-01-03
WBX07239.1,Severe acute respiratory syndrome coronavirus 2,2023-01-23T00:00:00Z,BQ.1,4.2/1.18.1.1/v0.1.10/0.3.17,416,complete,nucleocapsid phosphoprotein,USA: Georgia,Homo sapiens,oronasopharynx,2023-01-03
WBR00299.1,Severe acute respiratory syndrome coronavirus 2,2023-01-12T00:00:00Z,CH.1.1,4.2/1.18.1.1/v0.1.10/0.3.17,416,complete,nucleocapsid phosphoprotein,USA: Georgia,Homo sapiens,oronasopharynx,2022-12-28
WBR12981.1,Severe acute respiratory syndrome coronavirus 2,2023-01-12T00:00:00Z,XBF,4.2/1.18.1.1/v0.1.10/0.3.17,416,complete,nucleocapsid phosphoprotein,USA: Georgia,Homo sapiens,oronasopharynx,2022-12-30
WBR31988.1,Severe acute respiratory syndrome coronavirus 2,2023-01-12T00:00:00Z,XBF,4.2/1.18.1.1/v0.1.10/0.3.17,416,complete,nucleocapsid phosphoprotein,USA: Georgia,Homo sapiens,oronasopharynx,2022-12-26
WBP39435.1,Severe acute respiratory syndrome coronavirus 2,2023-01-10T00:00:00Z,BQ.1,4.2/1.18.1.1/v0.1.10/0.3.17,416,complete,nucleocapsid phosphoprotein,USA: Georgia,Homo sapiens,oronasopharynx,2022-12-19
WBP43256.1,Severe acute respiratory syndrome coronavirus 2,2023-01-10T00:00:00Z,BF.7,4.2/1.18.1.1/v0.1.10/0.3.17,416,complete,nucleocapsid phosphoprotein,USA: Georgia,Homo sapiens,oronasopharynx,2022-12-22
WBP44701.1,Severe acute respiratory syndrome coronavirus 2,2023-01-10T00:00:00Z,BF.7,4.2/1.18.1.1/v0.1.10/0.3.17,416,complete,nucleocapsid phosphoprotein,USA: Georgia,Homo sapiens,oronasopharynx,2022-12-23
WBP46588.1,Severe acute respiratory syndrome coronavirus 2,2023-01-10T00:00:00Z,BQ.1,4.2/1.18.1.1/v0.1.10/0.3.17,416,complete,nucleocapsid phosphoprotein,USA: Georgia,Homo sapiens,oronasopharynx,2022-12-23
WCP39931.1,Severe acute respiratory syndrome coronavirus 2,2023-02-08T00:00:00Z,BQ.1,4.2/1.18.1.1/v0.1.10/0.3.17,416,complete,nucleocapsid phosphoprotein,USA: Hawaii,Homo sapiens,oronasopharynx,2023-01-26
UZT32577.1,Severe acute respiratory syndrome coronavirus 2,2022-11-22T00:00:00Z,BF.7,4.2/1.18.1.1/v0.1.10/0.3.17,416,complete,nucleocapsid phosphoprotein,USA: Kansas,Homo sapiens,oronasopharynx,2022-11-04
UZJ93530.1,Severe acute respiratory syndrome coronavirus 2,2022-11-14T00:00:00Z,BF.7,4.2/1.18.1.1/v0.1.10/0.3.17,416,complete,nucleocapsid phosphoprotein,USA: Kansas,Homo sapiens,oronasopharynx,2022-10-26
UZD87432.1,Severe acute respiratory syndrome coronavirus 2,2022-11-07T00:00:00Z,CH.1.1,4.2/1.18.1.1/v0.1.10/0.3.17,416,complete,nucleocapsid phosphoprotein,USA: Kansas,Homo sapiens,oronasopharynx,2022-10-21
UVA22741.1,Severe acute respiratory syndrome coronavirus 2,2022-08-16T00:00:00Z,BA.2.75,4.2/1.18.1.1/v0.1.10/0.3.17,416,complete,nucleocapsid phosphoprotein,USA: Kansas,Homo sapiens,oronasopharynx,2022-07-31
UWJ49924.1,Severe acute respiratory syndrome coronavirus 2,2022-09-07T00:00:00Z,BF.7,4.2/1.18.1.1/v0.1.10/0.3.17,416,complete,nucleocapsid phosphoprotein,USA: Kentucky,Homo sapiens,oronasopharynx,2022-08-21
UVX00083.1,Severe acute respiratory syndrome coronavirus 2,2022-09-01T00:00:00Z,BA.2.75,4.2/1.18.1.1/v0.1.10/0.3.17,416,complete,nucleocapsid phosphoprotein,USA: Kentucky,Homo sapiens,oronasopharynx,2022-08-12
UVK12189.1,Severe acute respiratory syndrome coronavirus 2,2022-08-26T00:00:00Z,BF.7,4.2/1.18.1.1/v0.1.10/0.3.17,416,complete,nucleocapsid phosphoprotein,USA: Kentucky,Homo sapiens,oronasopharynx,2022-08-10
WCC33279.1,Severe acute respiratory syndrome coronavirus 2,2023-01-26T00:00:00Z,BQ.1,4.2/1.18.1.1/v0.1.10/0.3.17,416,complete,nucleocapsid phosphoprotein,USA: Louisiana,Homo sapiens,oronasopharynx,2023-01-08
WBV15483.1,Severe acute respiratory syndrome coronavirus 2,2023-01-19T00:00:00Z,CH.1.1,4.2/1.18.1.1/v0.1.10/0.3.17,416,complete,nucleocapsid phosphoprotein,USA: Louisiana,Homo sapiens,oronasopharynx,2023-01-09
WBR03952.1,Severe acute respiratory syndrome coronavirus 2,2023-01-12T00:00:00Z,BQ.1,4.2/1.18.1.1/v0.1.10/0.3.17,416,complete,nucleocapsid phosphoprotein,USA: Louisiana,Homo sapiens,oronasopharynx,2022-12-28
WCI23333.1,Severe acute respiratory syndrome coronavirus 2,2023-02-01T00:00:00Z,XBF,4.2/1.18.1.1/v0.1.10/0.3.17,416,complete,nucleocapsid phosphoprotein,USA: MN,Homo sapiens,oronasopharynx,2022-12-27
WCI23651.1,Severe acute respiratory syndrome coronavirus 2,2023-02-01T00:00:00Z,CH.1.1,4.2/1.18.1.1/v0.1.10/0.3.17,416,complete,nucleocapsid phosphoprotein,USA: MN,Homo sapiens,oronasopharynx,2023-01-01
WCI23732.1,Severe acute respiratory syndrome coronavirus 2,2023-02-01T00:00:00Z,CH.1.1,4.2/1.18.1.1/v0.1.10/0.3.17,416,complete,nucleocapsid phosphoprotein,USA: MN,Homo sapiens,oronasopharynx,2023-01-01
WCP34670.1,Severe acute respiratory syndrome coronavirus 2,2023-02-08T00:00:00Z,XBB.1.5,4.2/1.18.1.1/v0.1.10/0.3.17,416,complete,nucleocapsid phosphoprotein,USA: Maryland,Homo sapiens,oronasopharynx,2023-01-24
WCO95547.1,Severe acute respiratory syndrome coronavirus 2,2023-02-07T00:00:00Z,BQ.1,4.2/1.18.1.1/v0.1.10/0.3.17,416,complete,nucleocapsid phosphoprotein,USA: Maryland,Homo sapiens,oronasopharynx,2023-01-21
WCO98151.1,Severe acute respiratory syndrome coronavirus 2,2023-02-07T00:00:00Z,BQ.1,4.2/1.18.1.1/v0.1.10/0.3.17,416,complete,nucleocapsid phosphoprotein,USA: Maryland,Homo sapiens,oronasopharynx,2023-01-22
WCP05259.1,Severe acute respiratory syndrome coronavirus 2,2023-02-07T00:00:00Z,CH.1.1,4.2/1.18.1.1/v0.1.10/0.3.17,416,complete,nucleocapsid phosphoprotein,USA: Maryland,Homo sapiens,oronasopharynx,2023-01-23
WBC97446.1,Severe acute respiratory syndrome coronavirus 2,2022-12-29T00:00:00Z,BQ.1,4.2/1.18.1.1/v0.1.10/0.3.17,416,complete,nucleocapsid phosphoprotein,USA: Maryland,Homo sapiens,oronasopharynx,2022-12-12
WBA68688.1,Severe acute respiratory syndrome coronavirus 2,2022-12-27T00:00:00Z,XBB,4.2/1.18.1.1/v0.1.10/0.3.17,416,complete,nucleocapsid phosphoprotein,USA: Maryland,Homo sapiens,oronasopharynx,2022-12-13
WAN57206.1,Severe acute respiratory syndrome coronavirus 2,2022-12-12T00:00:00Z,CH.1.1,4.2/1.18.1.1/v0.1.10/0.3.17,416,complete,nucleocapsid phosphoprotein,USA: Maryland,Homo sapiens,oronasopharynx,2022-11-26
WAN57706.1,Severe acute respiratory syndrome coronavirus 2,2022-12-12T00:00:00Z,CH.1.1,4.2/1.18.1.1/v0.1.10/0.3.17,416,complete,nucleocapsid phosphoprotein,USA: Maryland,Homo sapiens,oronasopharynx,2022-11-26
WAN60356.1,Severe acute respiratory syndrome coronavirus 2,2022-12-12T00:00:00Z,BQ.1,4.2/1.18.1.1/v0.1.10/0.3.17,416,complete,nucleocapsid phosphoprotein,USA: Maryland,Homo sapiens,oronasopharynx,2022-11-27
WAN62182.1,Severe acute respiratory syndrome coronavirus 2,2022-12-12T00:00:00Z,BQ.1,4.2/1.18.1.1/v0.1.10/0.3.17,416,complete,nucleocapsid phosphoprotein,USA: Maryland,Homo sapiens,oronasopharynx,2022-11-27
UZY97644.1,Severe acute respiratory syndrome coronavirus 2,2022-11-29T00:00:00Z,BF.7,4.2/1.18.1.1/v0.1.10/0.3.17,416,complete,nucleocapsid phosphoprotein,USA: Michigan,Homo sapiens,oronasopharynx,2022-11-10
UZY98040.1,Severe acute respiratory syndrome coronavirus 2,2022-11-29T00:00:00Z,BQ.1,4.2/1.18.1.1/v0.1.10/0.3.17,416,complete,nucleocapsid phosphoprotein,USA: Michigan,Homo sapiens,oronasopharynx,2022-11-11
UZY98674.1,Severe acute respiratory syndrome coronavirus 2,2022-11-29T00:00:00Z,BQ.1,4.2/1.18.1.1/v0.1.10/0.3.17,416,complete,nucleocapsid phosphoprotein,USA: Michigan,Homo sapiens,oronasopharynx,2022-11-11
UZS29755.1,Severe acute respiratory syndrome coronavirus 2,2022-11-21T00:00:00Z,XBB,4.2/1.18.1.1/v0.1.10/0.3.17,416,complete,nucleocapsid phosphoprotein,USA: Michigan,Homo sapiens,oronasopharynx,2022-11-07
UZS32269.1,Severe acute respiratory syndrome coronavirus 2,2022-11-21T00:00:00Z,BQ.1,4.2/1.18.1.1/v0.1.10/0.3.17,416,complete,nucleocapsid phosphoprotein,USA: Michigan,Homo sapiens,oronasopharynx,2022-11-08
UZS43515.1,Severe acute respiratory syndrome coronavirus 2,2022-11-21T00:00:00Z,BF.7,4.2/1.18.1.1/v0.1.10/0.3.17,416,complete,nucleocapsid phosphoprotein,USA: Michigan,Homo sapiens,oronasopharynx,2022-10-04
UZS55805.1,Severe acute respiratory syndrome coronavirus 2,2022-11-21T00:00:00Z,BF.7,4.2/1.18.1.1/v0.1.10/0.3.17,416,complete,nucleocapsid phosphoprotein,USA: Michigan,Homo sapiens,oronasopharynx,2022-10-10
UZS80076.1,Severe acute respiratory syndrome coronavirus 2,2022-11-21T00:00:00Z,BQ.1,4.2/1.18.1.1/v0.1.10/0.3.17,416,complete,nucleocapsid phosphoprotein,USA: Michigan,Homo sapiens,oronasopharynx,2022-11-03
UZK49752.1,Severe acute respiratory syndrome coronavirus 2,2022-11-14T00:00:00Z,BF.7,4.2/1.18.1.1/v0.1.10/0.3.17,416,complete,nucleocapsid phosphoprotein,USA: Michigan,Homo sapiens,oronasopharynx,2022-10-30
UZK50049.1,Severe acute respiratory syndrome coronavirus 2,2022-11-14T00:00:00Z,BF.7,4.2/1.18.1.1/v0.1.10/0.3.17,416,complete,nucleocapsid phosphoprotein,USA: Michigan,Homo sapiens,oronasopharynx,2022-10-30
UZK50920.1,Severe acute respiratory syndrome coronavirus 2,2022-11-14T00:00:00Z,BF.7,4.2/1.18.1.1/v0.1.10/0.3.17,416,complete,nucleocapsid phosphoprotein,USA: Michigan,Homo sapiens,oronasopharynx,2022-10-31
UZK52100.1,Severe acute respiratory syndrome coronavirus 2,2022-11-14T00:00:00Z,BF.7,4.2/1.18.1.1/v0.1.10/0.3.17,416,complete,nucleocapsid phosphoprotein,USA: Michigan,Homo sapiens,oronasopharynx,2022-10-31
WBV81982.1,Severe acute respiratory syndrome coronavirus 2,2023-01-19T00:00:00Z,BF.7,4.2/1.18.1.1/v0.1.10/0.3.17,416,complete,nucleocapsid phosphoprotein,USA: Minnesota,Homo sapiens,oronasopharynx,2022-11-01
WBV89059.1,Severe acute respiratory syndrome coronavirus 2,2023-01-19T00:00:00Z,BQ.1,4.2/1.18.1.1/v0.1.10/0.3.17,416,complete,nucleocapsid phosphoprotein,USA: Minnesota,Homo sapiens,oronasopharynx,2022-11-04
WBS32645.1,Severe acute respiratory syndrome coronavirus 2,2023-01-17T00:00:00Z,XBF,4.2/1.18.1.1/v0.1.10/0.3.17,416,complete,nucleocapsid phosphoprotein,USA: Minnesota,Homo sapiens,oronasopharynx,2023-01-02
WBT76774.1,Severe acute respiratory syndrome coronavirus 2,2023-01-17T00:00:00Z,BQ.1,4.2/1.18.1.1/v0.1.10/0.3.17,416,complete,nucleocapsid phosphoprotein,USA: Minnesota,Homo sapiens,oronasopharynx,2022-12-23
WBT79363.1,Severe acute respiratory syndrome coronavirus 2,2023-01-17T00:00:00Z,BQ.1,4.2/1.18.1.1/v0.1.10/0.3.17,416,complete,nucleocapsid phosphoprotein,USA: Minnesota,Homo sapiens,oronasopharynx,2022-12-26
WBQ92686.1,Severe acute respiratory syndrome coronavirus 2,2023-01-12T00:00:00Z,BQ.1,4.2/1.18.1.1/v0.1.10/0.3.17,416,complete,nucleocapsid phosphoprotein,USA: Minnesota,Homo sapiens,oronasopharynx,2022-12-26
WBQ93007.1,Severe acute respiratory syndrome coronavirus 2,2023-01-12T00:00:00Z,BQ.1,4.2/1.18.1.1/v0.1.10/0.3.17,416,complete,nucleocapsid phosphoprotein,USA: Minnesota,Homo sapiens,oronasopharynx,2022-12-26
WBQ98852.1,Severe acute respiratory syndrome coronavirus 2,2023-01-12T00:00:00Z,BQ.1,4.2/1.18.1.1/v0.1.10/0.3.17,416,complete,nucleocapsid phosphoprotein,USA: Minnesota,Homo sapiens,oronasopharynx,2022-12-28
WBR05724.1,Severe acute respiratory syndrome coronavirus 2,2023-01-12T00:00:00Z,BQ.1,4.2/1.18.1.1/v0.1.10/0.3.17,416,complete,nucleocapsid phosphoprotein,USA: Minnesota,Homo sapiens,oronasopharynx,2022-12-29
WAY40399.1,Severe acute respiratory syndrome coronavirus 2,2022-12-23T00:00:00Z,CH.1.1,4.2/1.18.1.1/v0.1.10/0.3.17,416,complete,nucleocapsid phosphoprotein,USA: Minnesota,Homo sapiens,oronasopharynx,2022-12-01
WAY41255.1,Severe acute respiratory syndrome coronavirus 2,2022-12-23T00:00:00Z,BQ.1,4.2/1.18.1.1/v0.1.10/0.3.17,416,complete,nucleocapsid phosphoprotein,USA: Minnesota,Homo sapiens,oronasopharynx,2022-12-01
WAY42329.1,Severe acute respiratory syndrome coronavirus 2,2022-12-23T00:00:00Z,BQ.1,4.2/1.18.1.1/v0.1.10/0.3.17,416,complete,nucleocapsid phosphoprotein,USA: Minnesota,Homo sapiens,oronasopharynx,2022-12-02
WAY43808.1,Severe acute respiratory syndrome coronavirus 2,2022-12-23T00:00:00Z,BQ.1,4.2/1.18.1.1/v0.1.10/0.3.17,416,complete,nucleocapsid phosphoprotein,USA: Minnesota,Homo sapiens,oronasopharynx,2022-12-02
WAY44055.1,Severe acute respiratory syndrome coronavirus 2,2022-12-23T00:00:00Z,CH.1.1,4.2/1.18.1.1/v0.1.10/0.3.17,416,complete,nucleocapsid phosphoprotein,USA: Minnesota,Homo sapiens,oronasopharynx,2022-12-02
WAY44448.1,Severe acute respiratory syndrome coronavirus 2,2022-12-23T00:00:00Z,BQ.1,4.2/1.18.1.1/v0.1.10/0.3.17,416,complete,nucleocapsid phosphoprotein,USA: Minnesota,Homo sapiens,oronasopharynx,2022-12-02
WAY46788.1,Severe acute respiratory syndrome coronavirus 2,2022-12-23T00:00:00Z,BQ.1,4.2/1.18.1.1/v0.1.10/0.3.17,416,complete,nucleocapsid phosphoprotein,USA: Minnesota,Homo sapiens,oronasopharynx,2022-12-03
WBC74850.1,Severe acute respiratory syndrome coronavirus 2,2022-12-29T00:00:00Z,BQ.1,4.2/1.18.1.1/v0.1.10/0.3.17,416,complete,nucleocapsid phosphoprotein,USA: Missouri,Homo sapiens,oronasopharynx,2022-12-09
WBC81758.1,Severe acute respiratory syndrome coronavirus 2,2022-12-29T00:00:00Z,BQ.1,4.2/1.18.1.1/v0.1.10/0.3.17,416,complete,nucleocapsid phosphoprotein,USA: Missouri,Homo sapiens,oronasopharynx,2022-12-10
WBC82972.1,Severe acute respiratory syndrome coronavirus 2,2022-12-29T00:00:00Z,BF.7,4.2/1.18.1.1/v0.1.10/0.3.17,416,complete,nucleocapsid phosphoprotein,USA: Missouri,Homo sapiens,oronasopharynx,2022-12-10
WBC85562.1,Severe acute respiratory syndrome coronavirus 2,2022-12-29T00:00:00Z,BQ.1,4.2/1.18.1.1/v0.1.10/0.3.17,416,complete,nucleocapsid phosphoprotein,USA: Missouri,Homo sapiens,oronasopharynx,2022-12-10
WBC85778.1,Severe acute respiratory syndrome coronavirus 2,2022-12-29T00:00:00Z,BQ.1,4.2/1.18.1.1/v0.1.10/0.3.17,416,complete,nucleocapsid phosphoprotein,USA: Missouri,Homo sapiens,oronasopharynx,2022-12-10
WBC90312.1,Severe acute respiratory syndrome coronavirus 2,2022-12-29T00:00:00Z,BF.7,4.2/1.18.1.1/v0.1.10/0.3.17,416,complete,nucleocapsid phosphoprotein,USA: Missouri,Homo sapiens,oronasopharynx,2022-12-11
WAE03262.1,Severe acute respiratory syndrome coronavirus 2,2022-12-05T00:00:00Z,BQ.1,4.2/1.18.1.1/v0.1.10/0.3.17,416,complete,nucleocapsid phosphoprotein,USA: New Jersey,Homo sapiens,oronasopharynx,2022-11-16
WAE05017.1,Severe acute respiratory syndrome coronavirus 2,2022-12-05T00:00:00Z,BQ.1,4.2/1.18.1.1/v0.1.10/0.3.17,416,complete,nucleocapsid phosphoprotein,USA: New Jersey,Homo sapiens,oronasopharynx,2022-11-16
WAE05293.1,Severe acute respiratory syndrome coronavirus 2,2022-12-05T00:00:00Z,BQ.1,4.2/1.18.1.1/v0.1.10/0.3.17,416,complete,nucleocapsid phosphoprotein,USA: New Jersey,Homo sapiens,oronasopharynx,2022-11-16
WAE06907.1,Severe acute respiratory syndrome coronavirus 2,2022-12-05T00:00:00Z,BF.7,4.2/1.18.1.1/v0.1.10/0.3.17,416,complete,nucleocapsid phosphoprotein,USA: New Jersey,Homo sapiens,oronasopharynx,2022-11-18
WAE07360.1,Severe acute respiratory syndrome coronavirus 2,2022-12-05T00:00:00Z,BQ.1,4.2/1.18.1.1/v0.1.10/0.3.17,416,complete,nucleocapsid phosphoprotein,USA: New Jersey,Homo sapiens,oronasopharynx,2022-11-18
WAE07622.1,Severe acute respiratory syndrome coronavirus 2,2022-12-05T00:00:00Z,BQ.1,4.2/1.18.1.1/v0.1.10/0.3.17,416,complete,nucleocapsid phosphoprotein,USA: New Jersey,Homo sapiens,oronasopharynx,2022-11-18
UZT44600.1,Severe acute respiratory syndrome coronavirus 2,2022-11-22T00:00:00Z,BF.7,4.2/1.18.1.1/v0.1.10/0.3.17,416,complete,nucleocapsid phosphoprotein,USA: New Jersey,Homo sapiens,oronasopharynx,2022-11-12
UZT44825.1,Severe acute respiratory syndrome coronavirus 2,2022-11-22T00:00:00Z,BQ.1,4.2/1.18.1.1/v0.1.10/0.3.17,416,complete,nucleocapsid phosphoprotein,USA: New Jersey,Homo sapiens,oronasopharynx,2022-11-12
UZT45369.1,Severe acute respiratory syndrome coronavirus 2,2022-11-22T00:00:00Z,BQ.1,4.2/1.18.1.1/v0.1.10/0.3.17,416,complete,nucleocapsid phosphoprotein,USA: New Jersey,Homo sapiens,oronasopharynx,2022-11-12
UZT45604.1,Severe acute respiratory syndrome coronavirus 2,2022-11-22T00:00:00Z,BQ.1,4.2/1.18.1.1/v0.1.10/0.3.17,416,complete,nucleocapsid phosphoprotein,USA: New Jersey,Homo sapiens,oronasopharynx,2022-11-13
UZT46460.1,Severe acute respiratory syndrome coronavirus 2,2022-11-22T00:00:00Z,BQ.1,4.2/1.18.1.1/v0.1.10/0.3.17,416,complete,nucleocapsid phosphoprotein,USA: New Jersey,Homo sapiens,oronasopharynx,2022-11-13
UZG02831.1,Severe acute respiratory syndrome coronavirus 2,2022-11-08T00:00:00Z,BQ.1,4.2/1.18.1.1/v0.1.10/0.3.17,416,complete,nucleocapsid phosphoprotein,USA: New Jersey,Homo sapiens,oronasopharynx,2022-10-22
UZG03057.1,Severe acute respiratory syndrome coronavirus 2,2022-11-08T00:00:00Z,BQ.1,4.2/1.18.1.1/v0.1.10/0.3.17,416,complete,nucleocapsid phosphoprotein,USA: New Jersey,Homo sapiens,oronasopharynx,2022-10-22
UZG03283.1,Severe acute respiratory syndrome coronavirus 2,2022-11-08T00:00:00Z,BQ.1,4.2/1.18.1.1/v0.1.10/0.3.17,416,complete,nucleocapsid phosphoprotein,USA: New Jersey,Homo sapiens,oronasopharynx,2022-10-23
UYQ86892.1,Severe acute respiratory syndrome coronavirus 2,2022-10-26T00:00:00Z,BA.2.75,4.2/1.18.1.1/v0.1.10/0.3.17,416,complete,nucleocapsid phosphoprotein,USA: New Jersey,Homo sapiens,oronasopharynx,2022-10-11
UYO80494.1,Severe acute respiratory syndrome coronavirus 2,2022-10-25T00:00:00Z,BA.2.75,4.2/1.18.1.1/v0.1.10/0.3.17,416,complete,nucleocapsid phosphoprotein,USA: New Jersey,Homo sapiens,oronasopharynx,2022-10-07
UYO80884.1,Severe acute respiratory syndrome coronavirus 2,2022-10-25T00:00:00Z,BA.2.75,4.2/1.18.1.1/v0.1.10/0.3.17,416,complete,nucleocapsid phosphoprotein,USA: New Jersey,Homo sapiens,oronasopharynx,2022-10-09
WBY83977.1,Severe acute respiratory syndrome coronavirus 2,2023-01-24T00:00:00Z,CH.1.1,4.2/1.18.1.1/v0.1.10/0.3.17,416,complete,nucleocapsid phosphoprotein,USA: North Carolina,Homo sapiens,oronasopharynx,2023-01-13
WBY87055.1,Severe acute respiratory syndrome coronavirus 2,2023-01-24T00:00:00Z,CH.1.1,4.2/1.18.1.1/v0.1.10/0.3.17,416,complete,nucleocapsid phosphoprotein,USA: North Carolina,Homo sapiens,oronasopharynx,2023-01-15
WBX04678.1,Severe acute respiratory syndrome coronavirus 2,2023-01-23T00:00:00Z,BQ.1,4.2/1.18.1.1/v0.1.10/0.3.17,416,complete,nucleocapsid phosphoprotein,USA: North Carolina,Homo sapiens,oronasopharynx,2023-01-02
WBX04750.1,Severe acute respiratory syndrome coronavirus 2,2023-01-23T00:00:00Z,BF.7,4.2/1.18.1.1/v0.1.10/0.3.17,416,complete,nucleocapsid phosphoprotein,USA: North Carolina,Homo sapiens,oronasopharynx,2023-01-02
WBX06192.1,Severe acute respiratory syndrome coronavirus 2,2023-01-23T00:00:00Z,BF.7,4.2/1.18.1.1/v0.1.10/0.3.17,416,complete,nucleocapsid phosphoprotein,USA: North Carolina,Homo sapiens,oronasopharynx,2023-01-03
WBV88069.1,Severe acute respiratory syndrome coronavirus 2,2023-01-19T00:00:00Z,BQ.1,4.2/1.18.1.1/v0.1.10/0.3.17,416,complete,nucleocapsid phosphoprotein,USA: North Carolina,Homo sapiens,oronasopharynx,2022-11-04
WBS38142.1,Severe acute respiratory syndrome coronavirus 2,2023-01-17T00:00:00Z,BQ.1,4.2/1.18.1.1/v0.1.10/0.3.17,416,complete,nucleocapsid phosphoprotein,USA: North Carolina,Homo sapiens,oronasopharynx,2023-01-05
WBS39664.1,Severe acute respiratory syndrome coronavirus 2,2023-01-17T00:00:00Z,CH.1.1,4.2/1.18.1.1/v0.1.10/0.3.17,416,complete,nucleocapsid phosphoprotein,USA: North Carolina,Homo sapiens,oronasopharynx,2023-01-05
WBS40383.1,Severe acute respiratory syndrome coronavirus 2,2023-01-17T00:00:00Z,BQ.1,4.2/1.18.1.1/v0.1.10/0.3.17,416,complete,nucleocapsid phosphoprotein,USA: North Carolina,Homo sapiens,oronasopharynx,2023-01-06
WBS42786.1,Severe acute respiratory syndrome coronavirus 2,2023-01-17T00:00:00Z,XBF,4.2/1.18.1.1/v0.1.10/0.3.17,416,complete,nucleocapsid phosphoprotein,USA: North Carolina,Homo sapiens,oronasopharynx,2023-01-06
WBG45404.1,Severe acute respiratory syndrome coronavirus 2,2023-01-04T00:00:00Z,CH.1.1,4.2/1.18.1.1/v0.1.10/0.3.17,416,complete,nucleocapsid phosphoprotein,USA: North Carolina,Homo sapiens,oronasopharynx,2022-12-21
WBG45662.1,Severe acute respiratory syndrome coronavirus 2,2023-01-04T00:00:00Z,XBB.1.5,4.2/1.18.1.1/v0.1.10/0.3.17,416,complete,nucleocapsid phosphoprotein,USA: North Carolina,Homo sapiens,oronasopharynx,2022-12-21
WBG45792.1,Severe acute respiratory syndrome coronavirus 2,2023-01-04T00:00:00Z,CH.1.1,4.2/1.18.1.1/v0.1.10/0.3.17,416,complete,nucleocapsid phosphoprotein,USA: North Carolina,Homo sapiens,oronasopharynx,2022-12-21
WAS81471.1,Severe acute respiratory syndrome coronavirus 2,2022-12-17T00:00:00Z,BF.7,4.2/1.18.1.1/v0.1.10/0.3.17,416,complete,nucleocapsid phosphoprotein,USA: North Carolina,Homo sapiens,oronasopharynx,2022-12-07
WAR90533.1,Severe acute respiratory syndrome coronavirus 2,2022-12-15T00:00:00Z,BQ.1,4.2/1.18.1.1/v0.1.10/0.3.17,416,complete,nucleocapsid phosphoprotein,USA: North Carolina,Homo sapiens,,2022-12-01
WAR90581.1,Severe acute respiratory syndrome coronavirus 2,2022-12-15T00:00:00Z,BQ.1,4.2/1.18.1.1/v0.1.10/0.3.17,416,complete,nucleocapsid phosphoprotein,USA: North Carolina,Homo sapiens,,2022-12-01
UZT41616.1,Severe acute respiratory syndrome coronavirus 2,2022-11-22T00:00:00Z,BQ.1,4.2/1.18.1.1/v0.1.10/0.3.17,416,complete,nucleocapsid phosphoprotein,USA: North Carolina,Homo sapiens,oronasopharynx,2022-11-10
UZT46152.1,Severe acute respiratory syndrome coronavirus 2,2022-11-22T00:00:00Z,BF.7,4.2/1.18.1.1/v0.1.10/0.3.17,416,complete,nucleocapsid phosphoprotein,USA: North Carolina,Homo sapiens,oronasopharynx,2022-11-13
UZT46472.1,Severe acute respiratory syndrome coronavirus 2,2022-11-22T00:00:00Z,XBB,4.2/1.18.1.1/v0.1.10/0.3.17,416,complete,nucleocapsid phosphoprotein,USA: North Carolina,Homo sapiens,oronasopharynx,2022-11-13
UZT46721.1,Severe acute respiratory syndrome coronavirus 2,2022-11-22T00:00:00Z,BQ.1,4.2/1.18.1.1/v0.1.10/0.3.17,416,complete,nucleocapsid phosphoprotein,USA: North Carolina,Homo sapiens,oronasopharynx,2022-11-13
UZT47890.1,Severe acute respiratory syndrome coronavirus 2,2022-11-22T00:00:00Z,BF.7,4.2/1.18.1.1/v0.1.10/0.3.17,416,complete,nucleocapsid phosphoprotein,USA: North Carolina,Homo sapiens,oronasopharynx,2022-11-14
UZM59320.1,Severe acute respiratory syndrome coronavirus 2,2022-11-15T00:00:00Z,XBB,4.2/1.18.1.1/v0.1.10/0.3.17,416,complete,nucleocapsid phosphoprotein,USA: North Carolina,Homo sapiens,oronasopharynx,2022-11-01
UZM59403.1,Severe acute respiratory syndrome coronavirus 2,2022-11-15T00:00:00Z,BQ.1,4.2/1.18.1.1/v0.1.10/0.3.17,416,complete,nucleocapsid phosphoprotein,USA: North Carolina,Homo sapiens,oronasopharynx,2022-11-01
UZM62048.1,Severe acute respiratory syndrome coronavirus 2,2022-11-15T00:00:00Z,BQ.1,4.2/1.18.1.1/v0.1.10/0.3.17,416,complete,nucleocapsid phosphoprotein,USA: North Carolina,Homo sapiens,oronasopharynx,2022-11-02
UYH63224.1,Severe acute respiratory syndrome coronavirus 2,2022-10-18T00:00:00Z,BA.2.75,4.2/1.18.1.1/v0.1.10/0.3.17,416,complete,nucleocapsid phosphoprotein,USA: North Carolina,Homo sapiens,oronasopharynx,2022-09-29
UYH64584.1,Severe acute respiratory syndrome coronavirus 2,2022-10-18T00:00:00Z,BA.2.75,4.2/1.18.1.1/v0.1.10/0.3.17,416,complete,nucleocapsid phosphoprotein,USA: North Carolina,Homo sapiens,oronasopharynx,2022-09-30
UYH68718.1,Severe acute respiratory syndrome coronavirus 2,2022-10-18T00:00:00Z,BF.7,4.2/1.18.1.1/v0.1.10/0.3.17,416,complete,nucleocapsid phosphoprotein,USA: North Carolina,Homo sapiens,oronasopharynx,2022-10-04
UYH68730.1,Severe acute respiratory syndrome coronavirus 2,2022-10-18T00:00:00Z,BF.7,4.2/1.18.1.1/v0.1.10/0.3.17,416,complete,nucleocapsid phosphoprotein,USA: North Carolina,Homo sapiens,oronasopharynx,2022-10-04
UYH68908.1,Severe acute respiratory syndrome coronavirus 2,2022-10-18T00:00:00Z,BA.2.75,4.2/1.18.1.1/v0.1.10/0.3.17,416,complete,nucleocapsid phosphoprotein,USA: North Carolina,Homo sapiens,oronasopharynx,2022-10-04
WCS52919.1,Severe acute respiratory syndrome coronavirus 2,2023-02-10T00:00:00Z,BQ.1,4.2/1.18.1.1/v0.1.10/0.3.17,416,complete,nucleocapsid phosphoprotein,"USA: Oklahoma, Oklahoma City",Homo sapiens,,2023-01-16
WBW67313.1,Severe acute respiratory syndrome coronavirus 2,2023-01-20T00:00:00Z,CH.1.1,4.2/1.18.1.1/v0.1.10/0.3.17,416,complete,nucleocapsid phosphoprotein,"USA: Oklahoma, Oklahoma City",Homo sapiens,,2022-12-27
WBW67469.1,Severe acute respiratory syndrome coronavirus 2,2023-01-20T00:00:00Z,BQ.1,4.2/1.18.1.1/v0.1.10/0.3.17,416,complete,nucleocapsid phosphoprotein,"USA: Oklahoma, Oklahoma City",Homo sapiens,,2022-12-28
WBW68309.1,Severe acute respiratory syndrome coronavirus 2,2023-01-20T00:00:00Z,BQ.1,4.2/1.18.1.1/v0.1.10/0.3.17,416,complete,nucleocapsid phosphoprotein,"USA: Oklahoma, Rush Springs",Homo sapiens,,2022-12-30
WCF35147.1,Severe acute respiratory syndrome coronavirus 2,2023-01-30T00:00:00Z,BQ.1,4.2/1.18.1.1/v0.1.10/0.3.17,416,complete,nucleocapsid phosphoprotein,"USA: Oklahoma, Salina",Homo sapiens,,2023-01-09
UXH14639.1,Severe acute respiratory syndrome coronavirus 2,2022-09-24T00:00:00Z,BA.2.75,4.2/1.18.1.1/v0.1.10/0.3.17,416,complete,nucleocapsid phosphoprotein,USA: Oregon,Homo sapiens,oronasopharynx,2022-09-09
UUG24659.1,Severe acute respiratory syndrome coronavirus 2,2022-08-02T00:00:00Z,BF.7,4.2/1.18.1.1/v0.1.10/0.3.17,416,complete,nucleocapsid phosphoprotein,USA: Oregon,Homo sapiens,oronasopharynx,2022-07-18
WBQ75337.1,Severe acute respiratory syndrome coronavirus 2,2023-01-12T00:00:00Z,BQ.1,4.2/1.18.1.1/v0.1.10/0.3.17,416,complete,nucleocapsid phosphoprotein,"USA: Oregon,Clackamas County",Homo sapiens,,2022-11-30
WBQ75421.1,Severe acute respiratory syndrome coronavirus 2,2023-01-12T00:00:00Z,BQ.1,4.2/1.18.1.1/v0.1.10/0.3.17,416,complete,nucleocapsid phosphoprotein,"USA: Oregon,Clackamas County",Homo sapiens,,2022-12-03
WBQ75588.1,Severe acute respiratory syndrome coronavirus 2,2023-01-12T00:00:00Z,BQ.1,4.2/1.18.1.1/v0.1.10/0.3.17,416,complete,nucleocapsid phosphoprotein,"USA: Oregon,Clackamas County",Homo sapiens,,2022-11-27
WCJ04507.1,Severe acute respiratory syndrome coronavirus 2,2023-02-02T00:00:00Z,XBB.1.5,4.2/1.18.1.1/v0.1.10/0.3.17,416,complete,nucleocapsid phosphoprotein,USA: Pennsylvania,Homo sapiens,oronasopharynx,2023-01-20
WCJ04530.1,Severe acute respiratory syndrome coronavirus 2,2023-02-02T00:00:00Z,BF.7,4.2/1.18.1.1/v0.1.10/0.3.17,416,complete,nucleocapsid phosphoprotein,USA: Pennsylvania,Homo sapiens,oronasopharynx,2023-01-20
WCH79899.1,Severe acute respiratory syndrome coronavirus 2,2023-02-01T00:00:00Z,BQ.1,4.2/1.18.1.1/v0.1.10/0.3.17,416,complete,nucleocapsid phosphoprotein,USA: Pennsylvania,Homo sapiens,oronasopharynx,2023-01-17
WCG99203.1,Severe acute respiratory syndrome coronavirus 2,2023-01-31T00:00:00Z,BF.7,4.2/1.18.1.1/v0.1.10/0.3.17,416,complete,nucleocapsid phosphoprotein,USA: Pennsylvania,Homo sapiens,oronasopharynx,2023-01-12
WCG99468.1,Severe acute respiratory syndrome coronavirus 2,2023-01-31T00:00:00Z,BQ.1,4.2/1.18.1.1/v0.1.10/0.3.17,416,complete,nucleocapsid phosphoprotein,USA: Pennsylvania,Homo sapiens,oronasopharynx,2023-01-12
WCH00475.1,Severe acute respiratory syndrome coronavirus 2,2023-01-31T00:00:00Z,XBB.1.5,4.2/1.18.1.1/v0.1.10/0.3.17,416,complete,nucleocapsid phosphoprotein,USA: Pennsylvania,Homo sapiens,oronasopharynx,2023-01-12
WBW79680.1,Severe acute respiratory syndrome coronavirus 2,2023-01-20T00:00:00Z,CH.1.1,4.2/1.18.1.1/v0.1.10/0.3.17,416,complete,nucleocapsid phosphoprotein,USA: Pennsylvania,Homo sapiens,oronasopharynx,2023-01-02
WBW80921.1,Severe acute respiratory syndrome coronavirus 2,2023-01-20T00:00:00Z,BQ.1,4.2/1.18.1.1/v0.1.10/0.3.17,416,complete,nucleocapsid phosphoprotein,USA: Pennsylvania,Homo sapiens,oronasopharynx,2023-01-02
WBW81359.1,Severe acute respiratory syndrome coronavirus 2,2023-01-20T00:00:00Z,XBF,4.2/1.18.1.1/v0.1.10/0.3.17,416,complete,nucleocapsid phosphoprotein,USA: Pennsylvania,Homo sapiens,oronasopharynx,2023-01-02
WBW81407.1,Severe acute respiratory syndrome coronavirus 2,2023-01-20T00:00:00Z,BF.7,4.2/1.18.1.1/v0.1.10/0.3.17,416,complete,nucleocapsid phosphoprotein,USA: Pennsylvania,Homo sapiens,oronasopharynx,2023-01-02
WBW81490.1,Severe acute respiratory syndrome coronavirus 2,2023-01-20T00:00:00Z,BF.7,4.2/1.18.1.1/v0.1.10/0.3.17,416,complete,nucleocapsid phosphoprotein,USA: Pennsylvania,Homo sapiens,oronasopharynx,2023-01-02
WBB08999.1,Severe acute respiratory syndrome coronavirus 2,2022-12-28T00:00:00Z,CH.1.1,4.2/1.18.1.1/v0.1.10/0.3.17,416,complete,nucleocapsid phosphoprotein,USA: Pennsylvania,Homo sapiens,oronasopharynx,2022-12-10
WBB09405.1,Severe acute respiratory syndrome coronavirus 2,2022-12-28T00:00:00Z,BQ.1,4.2/1.18.1.1/v0.1.10/0.3.17,416,complete,nucleocapsid phosphoprotein,USA: Pennsylvania,Homo sapiens,oronasopharynx,2022-12-10
WAD95520.1,Severe acute respiratory syndrome coronavirus 2,2022-12-05T00:00:00Z,BQ.1,4.2/1.18.1.1/v0.1.10/0.3.17,416,complete,nucleocapsid phosphoprotein,USA: Pennsylvania,Homo sapiens,oronasopharynx,2022-11-15
WAD96198.1,Severe acute respiratory syndrome coronavirus 2,2022-12-05T00:00:00Z,BQ.1,4.2/1.18.1.1/v0.1.10/0.3.17,416,complete,nucleocapsid phosphoprotein,USA: Pennsylvania,Homo sapiens,oronasopharynx,2022-11-15
WAD96629.1,Severe acute respiratory syndrome coronavirus 2,2022-12-05T00:00:00Z,BQ.1,4.2/1.18.1.1/v0.1.10/0.3.17,416,complete,nucleocapsid phosphoprotein,USA: Pennsylvania,Homo sapiens,oronasopharynx,2022-11-15
WCD74420.1,Severe acute respiratory syndrome coronavirus 2,2023-01-28T00:00:00Z,BQ.1,4.2/1.18.1.1/v0.1.10/0.3.17,416,complete,nucleocapsid phosphoprotein,USA: Rhode Island,Homo sapiens,oronasopharynx,2023-01-15
WBW20868.1,Severe acute respiratory syndrome coronavirus 2,2023-01-20T00:00:00Z,BQ.1,4.2/1.18.1.1/v0.1.10/0.3.17,416,complete,nucleocapsid phosphoprotein,USA: Rhode Island,Homo sapiens,oronasopharynx,2023-01-08
WBW21993.1,Severe acute respiratory syndrome coronavirus 2,2023-01-20T00:00:00Z,XBB,4.2/1.18.1.1/v0.1.10/0.3.17,416,complete,nucleocapsid phosphoprotein,USA: Rhode Island,Homo sapiens,oronasopharynx,2023-01-08
WBW25164.1,Severe acute respiratory syndrome coronavirus 2,2023-01-20T00:00:00Z,BQ.1,4.2/1.18.1.1/v0.1.10/0.3.17,416,complete,nucleocapsid phosphoprotein,USA: Rhode Island,Homo sapiens,oronasopharynx,2023-01-09
WBO52169.1,Severe acute respiratory syndrome coronavirus 2,2023-01-10T00:00:00Z,BQ.1,4.2/1.18.1.1/v0.1.10/0.3.17,416,complete,nucleocapsid phosphoprotein,USA: Rhode Island,Homo sapiens,oronasopharynx,2022-12-30
UXU99657.1,Severe acute respiratory syndrome coronavirus 2,2022-10-04T00:00:00Z,BA.2.75,4.2/1.18.1.1/v0.1.10/0.3.17,416,complete,nucleocapsid phosphoprotein,USA: Rhode Island,Homo sapiens,oronasopharynx,2022-09-16
UXD53092.1,Severe acute respiratory syndrome coronavirus 2,2022-09-21T00:00:00Z,BA.2.75,4.2/1.18.1.1/v0.1.10/0.3.17,416,complete,nucleocapsid phosphoprotein,USA: Rhode Island,Homo sapiens,oronasopharynx,2022-09-06
UXD54867.1,Severe acute respiratory syndrome coronavirus 2,2022-09-21T00:00:00Z,BF.7,4.2/1.18.1.1/v0.1.10/0.3.17,416,complete,nucleocapsid phosphoprotein,USA: Rhode Island,Homo sapiens,oronasopharynx,2022-09-07
UXD61286.1,Severe acute respiratory syndrome coronavirus 2,2022-09-21T00:00:00Z,BF.7,4.2/1.18.1.1/v0.1.10/0.3.17,416,complete,nucleocapsid phosphoprotein,USA: Rhode Island,Homo sapiens,oronasopharynx,2022-09-09
UWJ40780.1,Severe acute respiratory syndrome coronavirus 2,2022-09-07T00:00:00Z,BA.2.75,4.2/1.18.1.1/v0.1.10/0.3.17,416,complete,nucleocapsid phosphoprotein,USA: Rhode Island,Homo sapiens,oronasopharynx,2022-08-20
WCF92637.1,Severe acute respiratory syndrome coronavirus 2,2023-01-31T00:00:00Z,XBF,4.2/1.18.1.1/v0.1.10/0.3.17,416,complete,nucleocapsid phosphoprotein,USA: South Carolina,Homo sapiens,oronasopharynx,2023-01-18
WCH01518.1,Severe acute respiratory syndrome coronavirus 2,2023-01-31T00:00:00Z,CH.1.1,4.2/1.18.1.1/v0.1.10/0.3.17,416,complete,nucleocapsid phosphoprotein,USA: South Carolina,Homo sapiens,oronasopharynx,2023-01-13
WCH04643.1,Severe acute respiratory syndrome coronavirus 2,2023-01-31T00:00:00Z,XBF,4.2/1.18.1.1/v0.1.10/0.3.17,416,complete,nucleocapsid phosphoprotein,USA: South Carolina,Homo sapiens,oronasopharynx,2023-01-14
WCE82962.1,Severe acute respiratory syndrome coronavirus 2,2023-01-30T00:00:00Z,BQ.1,4.2/1.18.1.1/v0.1.10/0.3.17,416,complete,nucleocapsid phosphoprotein,USA: South Carolina,Homo sapiens,oronasopharynx,2023-01-12
WCD49570.1,Severe acute respiratory syndrome coronavirus 2,2023-01-27T00:00:00Z,BQ.1,4.2/1.18.1.1/v0.1.10/0.3.17,416,complete,nucleocapsid phosphoprotein,USA: South Carolina,Homo sapiens,oronasopharynx,2023-01-08
WCD50137.1,Severe acute respiratory syndrome coronavirus 2,2023-01-27T00:00:00Z,XBF,4.2/1.18.1.1/v0.1.10/0.3.17,416,complete,nucleocapsid phosphoprotein,USA: South Carolina,Homo sapiens,oronasopharynx,2023-01-09
WBX07227.1,Severe acute respiratory syndrome coronavirus 2,2023-01-23T00:00:00Z,CH.1.1,4.2/1.18.1.1/v0.1.10/0.3.17,416,complete,nucleocapsid phosphoprotein,USA: South Carolina,Homo sapiens,oronasopharynx,2023-01-03
WBX08604.1,Severe acute respiratory syndrome coronavirus 2,2023-01-23T00:00:00Z,BQ.1,4.2/1.18.1.1/v0.1.10/0.3.17,416,complete,nucleocapsid phosphoprotein,USA: South Carolina,Homo sapiens,oronasopharynx,2023-01-05
WBX08768.1,Severe acute respiratory syndrome coronavirus 2,2023-01-23T00:00:00Z,CH.1.1,4.2/1.18.1.1/v0.1.10/0.3.17,416,complete,nucleocapsid phosphoprotein,USA: South Carolina,Homo sapiens,oronasopharynx,2023-01-05
WAS81530.1,Severe acute respiratory syndrome coronavirus 2,2022-12-17T00:00:00Z,BF.7,4.2/1.18.1.1/v0.1.10/0.3.17,416,complete,nucleocapsid phosphoprotein,USA: South Carolina,Homo sapiens,oronasopharynx,2022-12-07
WAR92730.1,Severe acute respiratory syndrome coronavirus 2,2022-12-15T00:00:00Z,BQ.1,4.2/1.18.1.1/v0.1.10/0.3.17,416,complete,nucleocapsid phosphoprotein,USA: South Carolina,Homo sapiens,oronasopharynx,2022-11-26
WAR94894.1,Severe acute respiratory syndrome coronavirus 2,2022-12-15T00:00:00Z,BQ.1,4.2/1.18.1.1/v0.1.10/0.3.17,416,complete,nucleocapsid phosphoprotein,USA: South Carolina,Homo sapiens,oronasopharynx,2022-11-27
WCD53423.1,Severe acute respiratory syndrome coronavirus 2,2023-01-27T00:00:00Z,BF.7,4.2/1.18.1.1/v0.1.10/0.3.17,416,complete,nucleocapsid phosphoprotein,USA: Texas,Homo sapiens,oronasopharynx,2023-01-10
WCD53802.1,Severe acute respiratory syndrome coronavirus 2,2023-01-27T00:00:00Z,BQ.1,4.2/1.18.1.1/v0.1.10/0.3.17,416,complete,nucleocapsid phosphoprotein,USA: Texas,Homo sapiens,oronasopharynx,2023-01-10
WCD54315.1,Severe acute respiratory syndrome coronavirus 2,2023-01-27T00:00:00Z,XBF,4.2/1.18.1.1/v0.1.10/0.3.17,416,complete,nucleocapsid phosphoprotein,USA: Texas,Homo sapiens,oronasopharynx,2023-01-11
WBX05060.1,Severe acute respiratory syndrome coronavirus 2,2023-01-23T00:00:00Z,BQ.1,4.2/1.18.1.1/v0.1.10/0.3.17,416,complete,nucleocapsid phosphoprotein,USA: Texas,Homo sapiens,oronasopharynx,2023-01-02
WBX06646.1,Severe acute respiratory syndrome coronavirus 2,2023-01-23T00:00:00Z,BQ.1,4.2/1.18.1.1/v0.1.10/0.3.17,416,complete,nucleocapsid phosphoprotein,USA: Texas,Homo sapiens,oronasopharynx,2023-01-03
WBW12190.1,Severe acute respiratory syndrome coronavirus 2,2023-01-20T00:00:00Z,BQ.1,4.2/1.18.1.1/v0.1.10/0.3.17,416,complete,nucleocapsid phosphoprotein,USA: Texas,Homo sapiens,oronasopharynx,2023-01-02
WBW14535.1,Severe acute respiratory syndrome coronavirus 2,2023-01-20T00:00:00Z,CH.1.1,4.2/1.18.1.1/v0.1.10/0.3.17,416,complete,nucleocapsid phosphoprotein,USA: Texas,Homo sapiens,oronasopharynx,2023-01-04
WBW14771.1,Severe acute respiratory syndrome coronavirus 2,2023-01-20T00:00:00Z,BQ.1,4.2/1.18.1.1/v0.1.10/0.3.17,416,complete,nucleocapsid phosphoprotein,USA: Texas,Homo sapiens,oronasopharynx,2023-01-04
WBC96471.1,Severe acute respiratory syndrome coronavirus 2,2022-12-29T00:00:00Z,BQ.1,4.2/1.18.1.1/v0.1.10/0.3.17,416,complete,nucleocapsid phosphoprotein,USA: Texas,Homo sapiens,oronasopharynx,2022-12-12
WBC96896.1,Severe acute respiratory syndrome coronavirus 2,2022-12-29T00:00:00Z,BQ.1,4.2/1.18.1.1/v0.1.10/0.3.17,416,complete,nucleocapsid phosphoprotein,USA: Texas,Homo sapiens,oronasopharynx,2022-12-12
WBC97218.1,Severe acute respiratory syndrome coronavirus 2,2022-12-29T00:00:00Z,BF.7,4.2/1.18.1.1/v0.1.10/0.3.17,416,complete,nucleocapsid phosphoprotein,USA: Texas,Homo sapiens,oronasopharynx,2022-12-12
WBC97266.1,Severe acute respiratory syndrome coronavirus 2,2022-12-29T00:00:00Z,BQ.1,4.2/1.18.1.1/v0.1.10/0.3.17,416,complete,nucleocapsid phosphoprotein,USA: Texas,Homo sapiens,oronasopharynx,2022-12-12
WBC97422.1,Severe acute respiratory syndrome coronavirus 2,2022-12-29T00:00:00Z,BQ.1,4.2/1.18.1.1/v0.1.10/0.3.17,416,complete,nucleocapsid phosphoprotein,USA: Texas,Homo sapiens,oronasopharynx,2022-12-12
WBB09213.1,Severe acute respiratory syndrome coronavirus 2,2022-12-28T00:00:00Z,CH.1.1,4.2/1.18.1.1/v0.1.10/0.3.17,416,complete,nucleocapsid phosphoprotein,USA: Texas,Homo sapiens,oronasopharynx,2022-12-10
WBB11244.1,Severe acute respiratory syndrome coronavirus 2,2022-12-28T00:00:00Z,BQ.1,4.2/1.18.1.1/v0.1.10/0.3.17,416,complete,nucleocapsid phosphoprotein,USA: Texas,Homo sapiens,oronasopharynx,2022-12-11
WBB11519.1,Severe acute respiratory syndrome coronavirus 2,2022-12-28T00:00:00Z,BQ.1,4.2/1.18.1.1/v0.1.10/0.3.17,416,complete,nucleocapsid phosphoprotein,USA: Texas,Homo sapiens,oronasopharynx,2022-12-11
WAY72200.1,Severe acute respiratory syndrome coronavirus 2,2022-12-23T00:00:00Z,CH.1.1,4.2/1.18.1.1/v0.1.10/0.3.17,416,complete,nucleocapsid phosphoprotein,USA: Texas,Homo sapiens,oronasopharynx,2022-12-07
WAV24342.1,Severe acute respiratory syndrome coronavirus 2,2022-12-20T00:00:00Z,BF.7,4.2/1.18.1.1/v0.1.10/0.3.17,416,complete,nucleocapsid phosphoprotein,USA: Texas,Homo sapiens,oronasopharynx,2022-12-01
WAV24580.1,Severe acute respiratory syndrome coronavirus 2,2022-12-20T00:00:00Z,BQ.1,4.2/1.18.1.1/v0.1.10/0.3.17,416,complete,nucleocapsid phosphoprotein,USA: Texas,Homo sapiens,oronasopharynx,2022-12-01
WAV24962.1,Severe acute respiratory syndrome coronavirus 2,2022-12-20T00:00:00Z,BF.7,4.2/1.18.1.1/v0.1.10/0.3.17,416,complete,nucleocapsid phosphoprotein,USA: Texas,Homo sapiens,oronasopharynx,2022-12-01
UZC24863.1,Severe acute respiratory syndrome coronavirus 2,2022-11-03T00:00:00Z,BF.7,4.2/1.18.1.1/v0.1.10/0.3.17,416,complete,nucleocapsid phosphoprotein,USA: Texas,Homo sapiens,oronasopharynx,2022-10-10
UZC28278.1,Severe acute respiratory syndrome coronavirus 2,2022-11-03T00:00:00Z,BF.7,4.2/1.18.1.1/v0.1.10/0.3.17,416,complete,nucleocapsid phosphoprotein,USA: Texas,Homo sapiens,oronasopharynx,2022-10-10
UZC28696.1,Severe acute respiratory syndrome coronavirus 2,2022-11-03T00:00:00Z,BQ.1,4.2/1.18.1.1/v0.1.10/0.3.17,416,complete,nucleocapsid phosphoprotein,USA: Texas,Homo sapiens,oronasopharynx,2022-10-11
UWE33176.1,Severe acute respiratory syndrome coronavirus 2,2022-09-06T00:00:00Z,BA.2.75,4.2/1.18.1.1/v0.1.10/0.3.17,416,complete,nucleocapsid phosphoprotein,USA: Texas,Homo sapiens,oronasopharynx,2022-08-19
UWE33594.1,Severe acute respiratory syndrome coronavirus 2,2022-09-06T00:00:00Z,BA.2.75,4.2/1.18.1.1/v0.1.10/0.3.17,416,complete,nucleocapsid phosphoprotein,USA: Texas,Homo sapiens,oronasopharynx,2022-08-19
UWE40157.1,Severe acute respiratory syndrome coronavirus 2,2022-09-06T00:00:00Z,BA.2.75,4.2/1.18.1.1/v0.1.10/0.3.17,416,complete,nucleocapsid phosphoprotein,USA: Texas,Homo sapiens,oronasopharynx,2022-08-20
UWE53920.1,Severe acute respiratory syndrome coronavirus 2,2022-09-06T00:00:00Z,BA.2.75,4.2/1.18.1.1/v0.1.10/0.3.17,416,complete,nucleocapsid phosphoprotein,USA: Texas,Homo sapiens,oronasopharynx,2022-08-19
UWE54328.1,Severe acute respiratory syndrome coronavirus 2,2022-09-06T00:00:00Z,BA.2.75,4.2/1.18.1.1/v0.1.10/0.3.17,416,complete,nucleocapsid phosphoprotein,USA: Texas,Homo sapiens,oronasopharynx,2022-08-19
UWE56346.1,Severe acute respiratory syndrome coronavirus 2,2022-09-06T00:00:00Z,BA.2.75,4.2/1.18.1.1/v0.1.10/0.3.17,416,complete,nucleocapsid phosphoprotein,USA: Texas,Homo sapiens,oronasopharynx,2022-08-20
UWH55976.1,Severe acute respiratory syndrome coronavirus 2,2022-09-06T00:00:00Z,BA.2.75,4.2/1.18.1.1/v0.1.10/0.3.17,416,complete,nucleocapsid phosphoprotein,USA: Texas,Homo sapiens,oronasopharynx,2022-08-16
UVD13283.1,Severe acute respiratory syndrome coronavirus 2,2022-08-19T00:00:00Z,BA.2.75,4.2/1.18.1.1/v0.1.10/0.3.17,416,complete,nucleocapsid phosphoprotein,USA: Texas,Homo sapiens,oronasopharynx,2022-08-05
UVD21780.1,Severe acute respiratory syndrome coronavirus 2,2022-08-19T00:00:00Z,BF.7,4.2/1.18.1.1/v0.1.10/0.3.17,416,complete,nucleocapsid phosphoprotein,USA: Texas,Homo sapiens,oronasopharynx,2022-08-02
UVA14201.1,Severe acute respiratory syndrome coronavirus 2,2022-08-16T00:00:00Z,BF.7,4.2/1.18.1.1/v0.1.10/0.3.17,416,complete,nucleocapsid phosphoprotein,USA: Texas,Homo sapiens,oronasopharynx,2022-07-31
UVA14537.1,Severe acute respiratory syndrome coronavirus 2,2022-08-16T00:00:00Z,BA.2.75,4.2/1.18.1.1/v0.1.10/0.3.17,416,complete,nucleocapsid phosphoprotein,USA: Texas,Homo sapiens,oronasopharynx,2022-07-31
UVA22086.1,Severe acute respiratory syndrome coronavirus 2,2022-08-16T00:00:00Z,BA.2.75,4.2/1.18.1.1/v0.1.10/0.3.17,416,complete,nucleocapsid phosphoprotein,USA: Texas,Homo sapiens,oronasopharynx,2022-07-31
WAS41156.1,Severe acute respiratory syndrome coronavirus 2,2022-12-16T00:00:00Z,BQ.1,4.2/1.18.1.1/v0.1.10/0.3.17,416,complete,nucleocapsid phosphoprotein,USA: Utah,Homo sapiens,oronasopharynx,2022-11-26
WAS41287.1,Severe acute respiratory syndrome coronavirus 2,2022-12-16T00:00:00Z,BF.7,4.2/1.18.1.1/v0.1.10/0.3.17,416,complete,nucleocapsid phosphoprotein,USA: Utah,Homo sapiens,oronasopharynx,2022-11-28
WAQ30365.1,Severe acute respiratory syndrome coronavirus 2,2022-12-15T00:00:00Z,BF.7,4.2/1.18.1.1/v0.1.10/0.3.17,416,complete,nucleocapsid phosphoprotein,USA: Utah,Homo sapiens,oronasopharynx,2022-12-01
WAO05622.1,Severe acute respiratory syndrome coronavirus 2,2022-12-13T00:00:00Z,BQ.1,4.2/1.18.1.1/v0.1.10/0.3.17,416,complete,nucleocapsid phosphoprotein,USA: Utah,Homo sapiens,oronasopharynx,2022-11-28
WAN17342.1,Severe acute respiratory syndrome coronavirus 2,2022-12-12T00:00:00Z,BQ.1,4.2/1.18.1.1/v0.1.10/0.3.17,416,complete,nucleocapsid phosphoprotein,USA: Utah,Homo sapiens,oronasopharynx,2022-11-23
WCN98472.1,Severe acute respiratory syndrome coronavirus 2,2023-02-06T00:00:00Z,BQ.1,4.2/1.18.1.1/v0.1.10/0.3.17,416,complete,nucleocapsid phosphoprotein,USA: Virginia,Homo sapiens,oronasopharynx,2023-01-19
WCN98518.1,Severe acute respiratory syndrome coronavirus 2,2023-02-06T00:00:00Z,BQ.1,4.2/1.18.1.1/v0.1.10/0.3.17,416,complete,nucleocapsid phosphoprotein,USA: Virginia,Homo sapiens,oronasopharynx,2023-01-20
WCN98599.1,Severe acute respiratory syndrome coronavirus 2,2023-02-06T00:00:00Z,BQ.1,4.2/1.18.1.1/v0.1.10/0.3.17,416,complete,nucleocapsid phosphoprotein,USA: Virginia,Homo sapiens,oronasopharynx,2023-01-14
WCN98906.1,Severe acute respiratory syndrome coronavirus 2,2023-02-06T00:00:00Z,BQ.1,4.2/1.18.1.1/v0.1.10/0.3.17,416,complete,nucleocapsid phosphoprotein,USA: Virginia,Homo sapiens,oronasopharynx,2023-01-13
WCN98973.1,Severe acute respiratory syndrome coronavirus 2,2023-02-06T00:00:00Z,BQ.1,4.2/1.18.1.1/v0.1.10/0.3.17,416,complete,nucleocapsid phosphoprotein,USA: Virginia,Homo sapiens,oronasopharynx,2023-01-17
UZZ78387.1,Severe acute respiratory syndrome coronavirus 2,2022-11-30T00:00:00Z,BQ.1,4.2/1.18.1.1/v0.1.10/0.3.17,416,complete,nucleocapsid phosphoprotein,USA: Virginia,Homo sapiens,oronasopharynx,2022-10-25
UZZ78530.1,Severe acute respiratory syndrome coronavirus 2,2022-11-30T00:00:00Z,CH.1.1,4.2/1.18.1.1/v0.1.10/0.3.17,416,complete,nucleocapsid phosphoprotein,USA: Virginia,Homo sapiens,,2022-10-26
UZZ78601.1,Severe acute respiratory syndrome coronavirus 2,2022-11-30T00:00:00Z,BF.7,4.2/1.18.1.1/v0.1.10/0.3.17,416,complete,nucleocapsid phosphoprotein,USA: Virginia,Homo sapiens,oronasopharynx,2022-10-26
UZY39217.1,Severe acute respiratory syndrome coronavirus 2,2022-11-29T00:00:00Z,BQ.1,4.2/1.18.1.1/v0.1.10/0.3.17,416,complete,nucleocapsid phosphoprotein,USA: Virginia,Homo sapiens,oronasopharynx,2022-11-17
UZY40231.1,Severe acute respiratory syndrome coronavirus 2,2022-11-29T00:00:00Z,BF.7,4.2/1.18.1.1/v0.1.10/0.3.17,416,complete,nucleocapsid phosphoprotein,USA: Virginia,Homo sapiens,oronasopharynx,2022-11-18
UZY43585.1,Severe acute respiratory syndrome coronavirus 2,2022-11-29T00:00:00Z,BQ.1,4.2/1.18.1.1/v0.1.10/0.3.17,416,complete,nucleocapsid phosphoprotein,USA: Virginia,Homo sapiens,oronasopharynx,2022-11-20
WAJ12912.1,Severe acute respiratory syndrome coronavirus 2,2022-12-07T00:00:00Z,BQ.1,4.2/1.18.1.1/v0.1.10/0.3.17,416,complete,nucleocapsid phosphoprotein,USA: Washington,Homo sapiens,oronasopharynx,2022-11-28
WAJ13056.1,Severe acute respiratory syndrome coronavirus 2,2022-12-07T00:00:00Z,BF.7,4.2/1.18.1.1/v0.1.10/0.3.17,416,complete,nucleocapsid phosphoprotein,USA: Washington,Homo sapiens,oronasopharynx,2022-11-28
WAJ13176.1,Severe acute respiratory syndrome coronavirus 2,2022-12-07T00:00:00Z,BQ.1,4.2/1.18.1.1/v0.1.10/0.3.17,416,complete,nucleocapsid phosphoprotein,USA: Washington,Homo sapiens,oronasopharynx,2022-11-28
UZT34519.1,Severe acute respiratory syndrome coronavirus 2,2022-11-22T00:00:00Z,CH.1.1,4.2/1.18.1.1/v0.1.10/0.3.17,416,complete,nucleocapsid phosphoprotein,USA: Wisconsin,Homo sapiens,oronasopharynx,2022-11-06
UZT36339.1,Severe acute respiratory syndrome coronavirus 2,2022-11-22T00:00:00Z,BQ.1,4.2/1.18.1.1/v0.1.10/0.3.17,416,complete,nucleocapsid phosphoprotein,USA: Wisconsin,Homo sapiens,oronasopharynx,2022-11-07
UZS19184.1,Severe acute respiratory syndrome coronavirus 2,2022-11-21T00:00:00Z,BF.7,4.2/1.18.1.1/v0.1.10/0.3.17,416,complete,nucleocapsid phosphoprotein,USA: Wisconsin,Homo sapiens,oronasopharynx,2022-11-06
UVA33222.1,Severe acute respiratory syndrome coronavirus 2,2022-08-16T00:00:00Z,BF.7,4.2/1.18.1.1/v0.1.10/0.3.17,416,complete,nucleocapsid phosphoprotein,USA: Wisconsin,Homo sapiens,oronasopharynx,2022-08-01
UUS86259.1,Severe acute respiratory syndrome coronavirus 2,2022-08-09T00:00:00Z,BA.2.75,4.2/1.18.1.1/v0.1.10/0.3.17,416,complete,nucleocapsid phosphoprotein,USA: Wisconsin,Homo sapiens,oronasopharynx,2022-07-22
WBS27077.1,Severe acute respiratory syndrome coronavirus 2,2023-01-17T00:00:00Z,BF.7,4.2/1.18.1.1/v0.1.10/0.3.17,416,complete,nucleocapsid phosphoprotein,USA: Wyoming,Homo sapiens,oronasopharynx,2022-12-29
UYW62689.1,Severe acute respiratory syndrome coronavirus 2,2022-11-01T00:00:00Z,B.1.1.529,4.2/1.18.1.1/v0.1.10/0.3.17,416,complete,nucleocapsid phosphoprotein,Viet Nam,Homo sapiens,oronasopharynx,2022-08-16
UYW64166.1,Severe acute respiratory syndrome coronavirus 2,2022-11-01T00:00:00Z,B.1.1.529,4.2/1.18.1.1/v0.1.10/0.3.17,416,complete,nucleocapsid phosphoprotein,Viet Nam,Homo sapiens,oronasopharynx,2022-08-29
UPP30659.1,Severe acute respiratory syndrome coronavirus 2,2022-04-28T00:00:00Z,B.1.1.529,4.2/1.18.1.1/v0.1.10/0.3.17,419,complete,nucleocapsid phosphoprotein,West Bank: Jerusalem,Homo sapiens,oronasopharynx,2022-01-09
UPP30848.1,Severe acute respiratory syndrome coronavirus 2,2022-04-28T00:00:00Z,B.1.1.529,4.2/1.18.1.1/v0.1.10/0.3.17,419,complete,nucleocapsid phosphoprotein,West Bank: Ramallah,Homo sapiens,oronasopharynx,2022-01-18
UPP30932.1,Severe acute respiratory syndrome coronavirus 2,2022-04-28T00:00:00Z,B.1.1.529,4.2/1.18.1.1/v0.1.10/0.3.17,419,complete,nucleocapsid phosphoprotein,West Bank: Ramallah,Homo sapiens,oronasopharynx,2022-01-12
